draw_date,day,first,second,third,fourth,fifth,power,outcome
22-Jan-22,Sat,8,14,33,36,67,17,0
19-Jan-22,Wed,11,15,43,55,61,10,0
17-Jan-22,Mon,9,24,35,46,65,22,0
15-Jan-22,Sat,3,18,37,51,59,13,0
12-Jan-22,Wed,12,21,22,30,33,24,0
10-Jan-22,Mon,14,17,18,21,27,9,0
8-Jan-22,Sat,20,21,36,60,65,13,0
5-Jan-22,Wed,6,14,25,33,46,17,0
3-Jan-22,Mon,2,13,32,33,48,22,1
1-Jan-22,Sat,6,12,39,48,50,7,0
29-Dec-21,Wed,2,6,9,33,39,11,0
27-Dec-21,Mon,36,38,45,62,64,19,0
25-Dec-21,Sat,27,29,45,55,58,2,0
22-Dec-21,Wed,7,16,19,48,68,15,0
20-Dec-21,Mon,2,13,23,34,66,2,0
18-Dec-21,Sat,2,6,24,51,61,1,0
15-Dec-21,Wed,19,20,40,42,59,15,0
13-Dec-21,Mon,10,30,37,53,59,4,0
11-Dec-21,Sat,3,25,44,53,64,10,0
8-Dec-21,Wed,3,7,33,50,69,24,0
6-Dec-21,Mon,3,21,38,50,59,6,0
4-Dec-21,Sat,10,40,45,56,67,2,0
1-Dec-21,Wed,12,15,38,57,63,24,0
29-Nov-21,Mon,18,26,28,38,47,17,0
27-Nov-21,Sat,8,32,55,64,66,10,0
24-Nov-21,Wed,10,16,32,63,65,17,0
22-Nov-21,Mon,7,20,29,38,67,22,0
20-Nov-21,Sat,40,43,48,59,69,19,0
17-Nov-21,Wed,3,16,48,52,60,1,0
15-Nov-21,Mon,5,31,34,51,53,23,0
13-Nov-21,Sat,8,15,26,35,45,9,0
10-Nov-21,Wed,19,25,43,46,48,14,0
8-Nov-21,Mon,21,46,47,57,62,8,0
6-Nov-21,Sat,8,30,48,57,64,9,0
3-Nov-21,Wed,1,2,24,50,57,26,0
1-Nov-21,Mon,9,25,34,44,45,8,0
30-Oct-21,Sat,5,23,28,43,56,19,0
27-Oct-21,Wed,3,6,26,35,51,17,0
25-Oct-21,Mon,10,27,29,44,58,24,0
23-Oct-21,Sat,10,30,51,57,63,20,0
20-Oct-21,Wed,7,29,36,41,43,5,0
18-Oct-21,Mon,30,32,48,53,63,12,0
16-Oct-21,Sat,30,31,41,42,48,3,0
13-Oct-21,Wed,23,29,47,59,60,15,0
11-Oct-21,Mon,11,20,33,39,65,24,1
9-Oct-21,Sat,12,17,30,45,62,5,0
6-Oct-21,Wed,1,17,52,58,64,1,0
4-Oct-21,Mon,12,22,54,66,69,15,1
2-Oct-21,Sat,28,38,42,47,52,1,0
29-Sep-21,Wed,2,7,11,17,32,11,0
27-Sep-21,Mon,21,22,39,44,60,12,0
25-Sep-21,Sat,22,23,37,62,63,19,0
22-Sep-21,Wed,20,40,47,55,63,5,0
20-Sep-21,Mon,37,51,54,58,60,19,0
18-Sep-21,Sat,5,36,39,45,57,11,0
15-Sep-21,Wed,1,4,18,46,62,25,0
13-Sep-21,Mon,37,40,50,61,63,21,0
11-Sep-21,Sat,20,31,38,40,49,21,0
8-Sep-21,Wed,9,22,41,47,61,21,0
6-Sep-21,Mon,11,20,22,33,54,24,0
4-Sep-21,Sat,32,35,40,52,54,1,0
1-Sep-21,Wed,10,20,29,48,51,17,0
30-Aug-21,Mon,3,15,45,51,61,8,0
28-Aug-21,Sat,12,22,26,46,59,26,0
25-Aug-21,Wed,27,39,54,56,59,24,0
23-Aug-21,Mon,17,36,47,60,61,15,0
21-Aug-21,Sat,16,28,36,39,59,4,0
18-Aug-21,Wed,35,36,51,55,61,26,0
14-Aug-21,Sat,6,21,49,65,67,18,0
11-Aug-21,Wed,12,18,20,29,30,16,0
7-Aug-21,Sat,7,24,36,54,60,23,0
4-Aug-21,Wed,5,21,32,36,58,14,0
31-Jul-21,Sat,1,21,22,34,47,4,0
28-Jul-21,Wed,25,30,53,59,60,5,0
24-Jul-21,Sat,1,4,11,59,67,10,0
21-Jul-21,Wed,27,28,44,67,68,11,0
17-Jul-21,Sat,15,22,38,54,66,3,0
14-Jul-21,Wed,33,46,52,59,62,10,0
10-Jul-21,Sat,1,5,29,54,62,3,0
7-Jul-21,Wed,8,21,30,49,57,8,0
3-Jul-21,Sat,26,40,41,55,65,24,0
30-Jun-21,Wed,24,29,50,65,66,14,0
26-Jun-21,Sat,8,31,39,43,60,17,0
23-Jun-21,Wed,13,20,40,51,63,1,0
19-Jun-21,Sat,4,22,35,38,39,20,0
16-Jun-21,Wed,19,29,34,44,50,25,0
12-Jun-21,Sat,8,25,34,38,41,10,0
9-Jun-21,Wed,19,28,46,50,54,9,0
5-Jun-21,Sat,44,52,54,64,69,26,1
2-Jun-21,Wed,6,7,11,66,67,19,0
29-May-21,Sat,11,13,22,27,46,20,0
26-May-21,Wed,2,8,21,34,62,16,0
22-May-21,Sat,3,19,27,37,40,8,0
19-May-21,Wed,11,13,55,56,69,4,0
15-May-21,Sat,4,10,37,39,69,24,0
12-May-21,Wed,1,19,20,38,54,17,0
8-May-21,Sat,12,17,20,21,26,8,0
5-May-21,Wed,16,23,28,40,63,1,0
1-May-21,Sat,35,36,47,61,63,3,0
28-Apr-21,Wed,16,18,35,39,53,21,0
24-Apr-21,Sat,22,36,48,59,61,22,0
21-Apr-21,Wed,21,25,32,63,67,6,0
17-Apr-21,Sat,10,21,26,41,49,25,0
14-Apr-21,Wed,13,30,33,45,61,14,0
10-Apr-21,Sat,14,16,23,50,53,3,0
7-Apr-21,Wed,27,35,39,51,66,16,0
3-Apr-21,Sat,1,12,17,39,53,5,0
31-Mar-21,Wed,3,10,44,55,68,24,0
27-Mar-21,Sat,6,14,38,39,65,6,1
24-Mar-21,Wed,4,9,17,27,38,18,0
20-Mar-21,Sat,1,6,22,42,61,4,0
17-Mar-21,Wed,34,38,42,61,62,19,0
13-Mar-21,Sat,5,11,51,56,61,2,0
10-Mar-21,Wed,17,18,37,44,53,18,0
6-Mar-21,Sat,11,31,50,52,58,18,0
3-Mar-21,Wed,21,40,44,50,55,16,0
27-Feb-21,Sat,2,28,31,44,52,18,0
24-Feb-21,Wed,4,33,43,53,65,21,0
20-Feb-21,Sat,4,8,22,32,58,4,0
17-Feb-21,Wed,1,15,21,32,46,1,0
13-Feb-21,Sat,20,28,33,63,68,20,0
10-Feb-21,Wed,15,39,58,63,67,7,0
6-Feb-21,Sat,1,16,48,49,65,8,0
3-Feb-21,Wed,5,37,40,64,66,5,0
30-Jan-21,Sat,1,2,7,52,61,4,1
27-Jan-21,Wed,17,33,35,42,52,9,0
23-Jan-21,Sat,5,8,17,27,28,14,1
20-Jan-21,Wed,40,53,60,68,69,22,1
16-Jan-21,Sat,14,20,39,65,67,2,0
13-Jan-21,Wed,4,19,23,25,49,14,0
9-Jan-21,Sat,14,26,38,45,46,13,0
6-Jan-21,Wed,1,20,22,60,66,3,0
2-Jan-21,Sat,3,4,11,41,67,5,0
30-Dec-20,Wed,3,43,45,61,65,14,0
26-Dec-20,Sat,10,24,27,35,53,18,0
23-Dec-20,Wed,6,13,38,39,53,6,0
19-Dec-20,Sat,27,32,34,43,52,13,0
16-Dec-20,Wed,4,23,37,61,67,7,0
12-Dec-20,Sat,17,54,56,63,69,20,0
9-Dec-20,Wed,11,14,31,47,48,4,0
5-Dec-20,Sat,3,4,6,48,53,10,0
2-Dec-20,Wed,28,31,40,41,46,4,0
28-Nov-20,Sat,8,12,18,44,51,18,0
25-Nov-20,Wed,2,57,58,60,65,26,0
21-Nov-20,Sat,51,54,57,60,69,11,0
18-Nov-20,Wed,4,5,17,43,52,5,0
14-Nov-20,Sat,7,15,18,32,45,20,0
11-Nov-20,Wed,13,15,17,45,63,13,0
7-Nov-20,Sat,14,16,37,48,58,18,0
4-Nov-20,Wed,23,32,33,45,49,14,0
31-Oct-20,Sat,2,6,40,42,55,24,0
28-Oct-20,Wed,11,28,37,40,53,13,0
24-Oct-20,Sat,18,20,27,45,65,6,0
21-Oct-20,Wed,1,3,13,44,56,26,0
17-Oct-20,Sat,6,10,31,37,44,23,0
14-Oct-20,Wed,21,37,52,53,58,5,0
10-Oct-20,Sat,5,18,23,40,50,18,0
7-Oct-20,Wed,6,24,30,53,56,19,0
3-Oct-20,Sat,18,31,36,43,47,20,0
30-Sep-20,Wed,14,18,36,49,67,18,0
26-Sep-20,Sat,11,21,27,36,62,24,0
23-Sep-20,Wed,8,17,49,52,59,1,0
19-Sep-20,Sat,11,14,23,47,57,14,0
16-Sep-20,Wed,10,17,31,51,53,1,1
12-Sep-20,Sat,16,17,20,53,67,4,0
9-Sep-20,Wed,27,52,55,60,64,21,0
5-Sep-20,Sat,15,21,22,27,47,7,0
2-Sep-20,Wed,1,4,11,20,69,18,0
29-Aug-20,Sat,5,21,22,29,43,10,0
26-Aug-20,Wed,8,12,19,47,58,2,0
22-Aug-20,Sat,19,30,36,42,66,14,0
19-Aug-20,Wed,13,23,47,55,58,23,0
15-Aug-20,Sat,5,12,34,45,56,3,0
12-Aug-20,Wed,2,6,18,36,37,21,1
8-Aug-20,Sat,2,3,14,40,51,24,0
5-Aug-20,Wed,7,14,17,57,65,24,0
1-Aug-20,Sat,6,25,36,43,48,24,0
29-Jul-20,Wed,7,29,35,40,45,26,0
25-Jul-20,Sat,5,21,36,61,62,18,0
22-Jul-20,Wed,16,25,36,44,55,14,0
18-Jul-20,Sat,13,16,32,58,59,9,0
15-Jul-20,Wed,27,47,61,62,69,4,0
11-Jul-20,Sat,14,19,61,62,64,4,0
8-Jul-20,Wed,3,10,34,36,62,5,0
4-Jul-20,Sat,16,21,27,60,61,6,0
1-Jul-20,Wed,15,28,52,53,63,18,0
27-Jun-20,Sat,9,36,49,56,62,8,0
24-Jun-20,Wed,15,22,27,33,46,23,0
20-Jun-20,Sat,10,31,41,63,67,5,0
17-Jun-20,Wed,7,10,63,64,68,10,0
13-Jun-20,Sat,2,12,32,50,65,5,0
10-Jun-20,Wed,10,33,41,52,54,18,1
6-Jun-20,Sat,1,17,38,68,69,18,0
3-Jun-20,Wed,1,3,26,41,64,17,1
30-May-20,Sat,13,32,41,58,60,14,0
27-May-20,Wed,38,58,59,64,68,21,0
23-May-20,Sat,2,8,18,21,23,16,0
20-May-20,Wed,18,34,40,42,50,9,0
16-May-20,Sat,8,12,26,39,42,11,0
13-May-20,Wed,39,53,54,56,57,20,0
9-May-20,Sat,12,18,42,48,65,19,0
6-May-20,Wed,7,8,35,50,65,20,0
2-May-20,Sat,13,16,33,58,68,24,0
29-Apr-20,Wed,2,20,49,61,67,20,0
25-Apr-20,Sat,1,3,21,47,57,18,0
22-Apr-20,Wed,1,33,35,40,69,24,0
18-Apr-20,Sat,4,44,46,56,63,19,0
15-Apr-20,Wed,10,12,33,36,41,2,0
11-Apr-20,Sat,22,29,30,42,47,17,0
8-Apr-20,Wed,2,37,39,48,54,5,1
4-Apr-20,Sat,8,31,39,40,43,4,0
1-Apr-20,Wed,33,35,45,48,60,16,0
28-Mar-20,Sat,7,40,48,55,66,11,0
25-Mar-20,Wed,5,9,27,39,42,16,0
21-Mar-20,Sat,2,23,40,59,69,13,0
18-Mar-20,Wed,15,27,44,59,63,8,0
14-Mar-20,Sat,9,23,26,30,32,8,0
11-Mar-20,Wed,4,29,49,50,67,2,0
7-Mar-20,Sat,7,15,21,33,62,23,0
4-Mar-20,Wed,18,43,58,60,68,14,0
29-Feb-20,Sat,24,44,46,50,51,13,0
26-Feb-20,Wed,8,27,29,36,47,24,0
22-Feb-20,Sat,25,37,39,61,62,11,0
19-Feb-20,Wed,10,12,15,19,56,19,0
15-Feb-20,Sat,16,32,35,36,46,3,0
12-Feb-20,Wed,14,47,54,55,68,25,1
8-Feb-20,Sat,35,49,50,59,66,6,0
5-Feb-20,Wed,23,30,35,41,57,2,0
1-Feb-20,Sat,12,33,54,57,60,13,0
29-Jan-20,Wed,9,12,15,31,60,2,1
25-Jan-20,Sat,2,9,17,36,67,18,0
22-Jan-20,Wed,11,33,44,59,67,8,0
18-Jan-20,Sat,20,24,38,56,68,18,0
15-Jan-20,Wed,39,41,53,55,68,19,0
11-Jan-20,Sat,3,21,23,31,59,3,0
8-Jan-20,Wed,2,4,7,43,56,22,0
4-Jan-20,Sat,1,11,21,25,54,7,0
1-Jan-20,Wed,49,53,57,59,62,26,0
28-Dec-19,Sat,20,23,39,59,60,18,0
25-Dec-19,Wed,2,4,16,30,46,20,0
21-Dec-19,Sat,19,31,35,50,67,14,0
18-Dec-19,Wed,14,18,26,39,68,9,0
14-Dec-19,Sat,3,6,12,32,64,19,0
11-Dec-19,Wed,24,29,42,44,63,10,0
7-Dec-19,Sat,18,42,53,62,66,25,0
4-Dec-19,Wed,8,27,44,51,61,14,0
30-Nov-19,Sat,15,35,42,63,68,18,0
27-Nov-19,Wed,15,26,37,53,55,21,0
23-Nov-19,Sat,28,35,38,61,66,23,0
20-Nov-19,Wed,7,15,39,40,57,12,0
16-Nov-19,Sat,14,22,26,55,63,26,0
13-Nov-19,Wed,23,26,27,28,66,11,0
9-Nov-19,Sat,14,17,35,38,60,25,0
6-Nov-19,Wed,15,28,46,62,64,17,0
2-Nov-19,Sat,3,23,32,37,58,22,1
30-Oct-19,Wed,19,22,52,56,67,21,0
26-Oct-19,Sat,3,20,48,54,59,4,0
23-Oct-19,Wed,5,12,50,61,69,23,0
19-Oct-19,Sat,14,27,29,59,65,12,0
16-Oct-19,Wed,1,5,25,63,67,3,0
12-Oct-19,Sat,12,29,34,53,65,23,0
9-Oct-19,Wed,5,18,33,43,65,2,0
5-Oct-19,Sat,6,14,36,51,54,4,0
2-Oct-19,Wed,4,8,10,43,53,7,0
28-Sep-19,Sat,15,23,34,51,55,4,0
25-Sep-19,Wed,37,43,44,45,53,25,0
21-Sep-19,Sat,1,9,22,36,68,22,1
18-Sep-19,Wed,14,19,39,47,51,15,0
14-Sep-19,Sat,11,27,31,36,67,11,0
11-Sep-19,Wed,6,17,24,53,57,3,0
7-Sep-19,Sat,11,20,41,42,56,6,0
4-Sep-19,Wed,4,8,30,52,59,2,1
31-Aug-19,Sat,14,41,50,56,57,18,0
28-Aug-19,Wed,9,32,37,41,56,14,0
24-Aug-19,Sat,5,12,20,21,47,1,0
21-Aug-19,Wed,12,21,22,29,32,21,0
17-Aug-19,Sat,18,21,24,30,60,20,1
14-Aug-19,Wed,10,13,30,51,69,10,0
10-Aug-19,Sat,35,41,44,58,59,3,0
7-Aug-19,Wed,8,32,47,53,59,3,0
3-Aug-19,Sat,3,6,45,66,68,13,0
31-Jul-19,Wed,14,37,47,55,67,6,0
27-Jul-19,Sat,1,19,31,48,61,6,0
24-Jul-19,Wed,22,29,35,53,56,13,0
20-Jul-19,Sat,5,26,36,64,69,19,0
17-Jul-19,Wed,19,43,47,60,68,10,0
13-Jul-19,Sat,13,23,32,35,68,21,1
10-Jul-19,Wed,7,9,26,44,68,3,0
6-Jul-19,Sat,4,8,23,46,65,1,0
3-Jul-19,Wed,40,43,45,50,61,25,0
29-Jun-19,Sat,13,17,24,59,62,8,0
26-Jun-19,Wed,1,5,16,22,54,24,0
22-Jun-19,Sat,3,6,11,14,66,21,0
19-Jun-19,Wed,4,18,21,26,38,1,0
15-Jun-19,Sat,8,11,14,16,49,14,0
12-Jun-19,Wed,5,35,38,42,57,13,0
8-Jun-19,Sat,9,13,42,48,60,18,0
5-Jun-19,Wed,17,23,28,34,38,8,0
1-Jun-19,Sat,6,15,34,45,52,8,1
29-May-19,Wed,3,32,34,42,61,7,0
25-May-19,Sat,1,2,39,43,66,2,0
22-May-19,Wed,7,10,20,44,57,3,0
18-May-19,Sat,2,10,25,66,67,26,0
15-May-19,Wed,7,17,33,61,68,4,0
11-May-19,Sat,6,8,9,37,40,26,0
8-May-19,Wed,1,45,53,64,66,3,0
4-May-19,Sat,6,16,23,30,61,2,0
1-May-19,Wed,5,23,28,56,66,17,0
27-Apr-19,Sat,2,29,41,45,62,6,0
24-Apr-19,Wed,6,32,35,36,65,4,0
20-Apr-19,Sat,3,27,30,63,65,1,0
17-Apr-19,Wed,1,15,17,46,66,15,0
13-Apr-19,Sat,4,17,26,32,49,10,0
10-Apr-19,Wed,12,21,23,39,67,6,0
6-Apr-19,Sat,15,33,43,59,60,8,0
3-Apr-19,Wed,16,19,25,32,49,18,0
30-Mar-19,Sat,21,52,54,64,68,4,0
27-Mar-19,Wed,16,20,37,44,62,12,1
23-Mar-19,Sat,24,25,52,60,66,5,0
20-Mar-19,Wed,10,14,50,53,63,21,0
16-Mar-19,Sat,30,34,39,53,67,11,0
13-Mar-19,Wed,18,36,45,47,69,14,0
9-Mar-19,Sat,5,6,45,55,59,14,0
6-Mar-19,Wed,6,10,21,35,46,23,0
2-Mar-19,Sat,1,19,25,27,68,21,0
27-Feb-19,Wed,21,31,42,49,59,23,0
23-Feb-19,Sat,4,6,14,20,32,13,1
20-Feb-19,Wed,27,49,50,51,52,2,0
16-Feb-19,Sat,29,30,41,48,64,1,0
13-Feb-19,Wed,2,8,14,24,69,26,0
9-Feb-19,Sat,1,2,3,7,39,25,0
6-Feb-19,Wed,5,13,28,38,63,21,0
2-Feb-19,Sat,10,17,18,43,65,13,0
30-Jan-19,Wed,2,12,16,29,54,6,0
26-Jan-19,Sat,8,12,20,21,32,10,0
23-Jan-19,Wed,23,25,47,48,50,24,0
19-Jan-19,Sat,5,8,41,65,66,20,0
16-Jan-19,Wed,14,29,31,56,61,1,0
12-Jan-19,Sat,7,36,48,57,58,24,0
9-Jan-19,Wed,6,19,37,49,59,22,0
5-Jan-19,Sat,3,7,15,27,69,19,0
2-Jan-19,Wed,8,12,42,46,56,12,0
30-Dec-17,Sat,28,36,41,51,58,24,1
27-Dec-17,Wed,3,9,16,56,60,3,0
23-Dec-17,Sat,1,3,13,15,44,25,0
20-Dec-17,Wed,1,20,61,64,69,20,1
16-Dec-17,Sat,9,35,37,50,63,11,0
13-Dec-17,Wed,2,24,28,51,58,7,0
9-Dec-17,Sat,25,36,37,55,60,6,0
6-Dec-17,Wed,19,20,50,55,62,9,0
2-Dec-17,Sat,28,30,32,36,58,6,0
29-Nov-17,Wed,24,26,28,59,63,16,0
25-Nov-17,Sat,8,13,27,53,54,4,0
22-Nov-17,Wed,35,37,46,51,61,13,0
18-Nov-17,Sat,17,28,31,32,39,26,0
15-Nov-17,Wed,23,32,44,48,50,25,0
11-Nov-17,Sat,4,6,16,30,56,18,0
8-Nov-17,Wed,12,14,20,21,34,22,0
4-Nov-17,Sat,12,14,26,48,51,13,0
1-Nov-17,Wed,3,6,19,26,44,1,0
28-Oct-17,Sat,27,35,38,57,66,10,0
25-Oct-17,Wed,18,22,29,54,57,8,1
21-Oct-17,Sat,14,41,42,45,69,4,0
18-Oct-17,Wed,30,49,54,66,69,8,0
14-Oct-17,Sat,32,37,56,66,69,11,0
11-Oct-17,Wed,1,3,13,19,69,23,0
7-Oct-17,Sat,10,49,61,63,65,7,0
4-Oct-17,Wed,22,23,62,63,66,24,0
30-Sep-17,Sat,8,12,25,41,64,15,0
27-Sep-17,Wed,8,10,21,23,25,22,0
23-Sep-17,Sat,24,45,55,56,57,19,0
20-Sep-17,Wed,39,48,53,67,68,26,0
16-Sep-17,Sat,17,18,24,25,31,24,1
13-Sep-17,Wed,17,24,35,57,63,19,0
9-Sep-17,Sat,6,20,29,57,59,22,0
6-Sep-17,Wed,8,14,32,58,67,17,0
2-Sep-17,Sat,6,21,41,52,62,26,0
30-Aug-17,Wed,19,28,43,67,69,7,0
26-Aug-17,Sat,7,15,32,38,66,15,0
23-Aug-17,Wed,6,7,16,23,26,4,1
19-Aug-17,Sat,17,19,39,43,68,13,0
16-Aug-17,Wed,9,15,43,60,64,4,0
12-Aug-17,Sat,20,24,26,35,49,19,0
9-Aug-17,Wed,12,30,36,47,62,9,0
5-Aug-17,Sat,11,21,28,33,45,11,0
2-Aug-17,Wed,1,16,54,63,69,18,0
29-Jul-17,Sat,1,28,40,45,48,12,0
26-Jul-17,Wed,7,19,21,42,69,12,0
22-Jul-17,Sat,5,32,44,53,60,9,0
19-Jul-17,Wed,50,51,59,61,63,4,0
15-Jul-17,Sat,9,40,63,64,66,17,0
12-Jul-17,Wed,1,2,18,23,61,9,0
8-Jul-17,Sat,8,10,29,40,59,26,0
5-Jul-17,Wed,4,9,16,54,68,21,0
1-Jul-17,Sat,19,42,45,48,53,16,0
28-Jun-17,Wed,29,37,46,53,68,8,0
24-Jun-17,Sat,10,22,32,36,58,10,0
21-Jun-17,Wed,14,46,61,65,68,13,0
17-Jun-17,Sat,10,13,32,53,62,21,0
14-Jun-17,Wed,5,22,43,57,63,24,0
10-Jun-17,Sat,20,26,32,38,58,3,1
7-Jun-17,Wed,5,21,57,66,69,13,0
3-Jun-17,Sat,3,9,21,41,54,25,0
31-May-17,Wed,4,33,39,46,60,6,0
27-May-17,Sat,5,10,28,55,67,9,0
24-May-17,Wed,28,32,33,38,62,15,0
20-May-17,Sat,5,22,45,47,54,3,0
17-May-17,Wed,4,11,39,45,48,9,0
13-May-17,Sat,17,20,32,63,68,19,0
10-May-17,Wed,29,31,46,56,62,8,0
6-May-17,Sat,11,21,31,41,59,21,0
3-May-17,Wed,17,18,49,59,66,9,0
29-Apr-17,Sat,22,23,24,45,62,5,0
26-Apr-17,Wed,1,15,18,26,51,26,0
22-Apr-17,Sat,21,39,41,48,63,6,0
19-Apr-17,Wed,1,19,37,40,52,15,0
15-Apr-17,Sat,5,22,26,45,61,13,0
12-Apr-17,Wed,8,14,61,63,68,24,0
8-Apr-17,Sat,23,36,51,53,60,15,0
5-Apr-17,Wed,8,20,46,53,54,13,0
1-Apr-17,Sat,9,32,36,44,65,1,1
29-Mar-17,Wed,8,15,31,36,62,11,0
25-Mar-17,Sat,18,31,32,45,48,16,0
22-Mar-17,Wed,2,9,27,29,42,9,1
18-Mar-17,Sat,13,25,44,54,67,5,0
15-Mar-17,Wed,16,30,41,48,53,16,0
11-Mar-17,Sat,1,26,41,50,57,11,0
8-Mar-17,Wed,23,33,42,46,59,4,0
4-Mar-17,Sat,2,18,19,22,63,19,0
1-Mar-17,Wed,10,16,40,52,55,17,0
25-Feb-17,Sat,6,32,47,62,65,19,0
22-Feb-17,Wed,10,13,28,52,61,2,1
18-Feb-17,Sat,3,7,9,31,33,20,0
15-Feb-17,Wed,5,28,33,38,42,19,0
11-Feb-17,Sat,5,9,17,37,64,2,0
8-Feb-17,Wed,14,20,42,49,66,5,0
4-Feb-17,Sat,6,13,16,17,52,25,0
1-Feb-17,Wed,9,43,57,60,64,10,0
28-Jan-17,Sat,12,20,39,49,69,17,0
25-Jan-17,Wed,18,28,62,66,68,22,0
21-Jan-17,Sat,23,25,45,52,67,2,0
18-Jan-17,Wed,9,40,41,53,58,12,0
14-Jan-17,Sat,23,55,59,64,69,13,0
11-Jan-17,Wed,1,3,13,16,43,24,0
7-Jan-17,Sat,3,12,24,37,63,10,0
4-Jan-17,Wed,16,17,29,41,42,4,0
31-Dec-16,Sat,1,3,28,57,67,9,0
28-Dec-16,Wed,16,23,30,44,58,4,0
24-Dec-16,Sat,28,38,42,51,52,21,0
21-Dec-16,Wed,25,33,40,54,68,3,0
17-Dec-16,Sat,1,8,16,40,48,10,1
14-Dec-16,Wed,18,26,37,39,66,15,0
10-Dec-16,Sat,12,21,32,44,66,15,0
7-Dec-16,Wed,41,48,49,53,64,20,0
3-Dec-16,Sat,8,10,26,27,33,22,0
30-Nov-16,Wed,3,14,18,25,45,7,0
26-Nov-16,Sat,17,19,21,37,44,16,1
23-Nov-16,Wed,7,32,41,47,61,3,0
19-Nov-16,Sat,16,24,28,43,61,21,0
16-Nov-16,Wed,28,41,61,63,65,7,0
12-Nov-16,Sat,8,17,20,27,52,24,0
9-Nov-16,Wed,1,25,28,31,54,2,0
5-Nov-16,Sat,21,31,50,51,69,8,0
2-Nov-16,Wed,13,18,37,54,61,5,0
29-Oct-16,Sat,19,20,21,42,48,23,0
26-Oct-16,Wed,2,3,16,48,56,24,0
22-Oct-16,Sat,1,28,33,55,56,22,0
19-Oct-16,Wed,10,16,38,43,63,23,0
15-Oct-16,Sat,23,49,57,64,67,20,0
12-Oct-16,Wed,16,30,34,37,44,16,0
8-Oct-16,Sat,3,54,61,64,68,9,0
5-Oct-16,Wed,8,18,27,29,60,15,0
1-Oct-16,Sat,2,12,50,61,64,1,0
28-Sep-16,Wed,30,38,52,53,62,1,0
24-Sep-16,Sat,7,15,20,29,41,22,0
21-Sep-16,Wed,1,28,63,67,69,17,0
17-Sep-16,Sat,9,19,51,55,62,14,1
14-Sep-16,Wed,10,11,23,28,31,14,0
10-Sep-16,Sat,3,17,49,55,68,8,0
7-Sep-16,Wed,22,23,29,33,55,21,0
3-Sep-16,Sat,7,39,50,59,67,25,0
31-Aug-16,Wed,5,10,24,56,61,12,0
27-Aug-16,Sat,4,32,48,49,63,20,0
24-Aug-16,Wed,9,11,25,64,65,16,0
20-Aug-16,Sat,3,6,21,60,68,24,0
17-Aug-16,Wed,33,44,49,50,52,8,0
13-Aug-16,Sat,38,44,60,64,69,6,0
10-Aug-16,Wed,23,56,61,64,67,12,0
6-Aug-16,Sat,20,33,36,47,52,12,0
3-Aug-16,Wed,9,11,27,66,67,2,0
30-Jul-16,Sat,11,17,21,23,32,5,1
27-Jul-16,Wed,10,47,50,65,68,24,0
23-Jul-16,Sat,5,7,23,35,39,11,0
20-Jul-16,Wed,6,25,35,58,66,5,0
16-Jul-16,Sat,11,17,40,50,62,26,0
13-Jul-16,Wed,3,15,29,54,57,10,0
9-Jul-16,Sat,10,28,32,61,64,12,0
6-Jul-16,Wed,2,24,31,57,66,18,0
2-Jul-16,Sat,10,34,39,59,63,4,0
29-Jun-16,Wed,23,29,37,60,64,6,0
25-Jun-16,Sat,3,27,36,56,69,25,0
22-Jun-16,Wed,14,40,42,43,52,17,0
18-Jun-16,Sat,2,23,41,53,63,11,0
15-Jun-16,Wed,4,22,24,31,33,10,0
11-Jun-16,Sat,20,27,36,41,58,7,0
8-Jun-16,Wed,12,25,37,60,69,20,0
4-Jun-16,Sat,16,20,22,43,64,17,0
1-Jun-16,Wed,23,30,33,40,69,12,0
28-May-16,Sat,6,33,34,58,59,12,0
25-May-16,Wed,11,24,41,59,64,15,0
21-May-16,Sat,5,7,9,23,32,26,0
18-May-16,Wed,23,25,39,54,67,11,0
14-May-16,Sat,13,27,47,64,65,9,0
11-May-16,Wed,20,32,52,66,69,23,0
7-May-16,Sat,5,25,26,44,66,9,1
4-May-16,Wed,30,47,57,66,69,3,0
30-Apr-16,Sat,3,12,16,32,34,14,0
27-Apr-16,Wed,2,25,33,39,64,17,0
23-Apr-16,Sat,19,35,46,59,62,13,0
20-Apr-16,Wed,12,25,30,52,62,8,0
16-Apr-16,Sat,3,18,25,32,51,3,0
13-Apr-16,Wed,30,33,35,38,64,22,0
9-Apr-16,Sat,14,22,23,41,61,9,0
6-Apr-16,Wed,4,28,49,60,65,25,0
2-Apr-16,Sat,9,28,30,40,61,3,0
30-Mar-16,Wed,24,44,53,55,63,19,0
26-Mar-16,Sat,11,23,42,52,68,6,0
23-Mar-16,Wed,5,8,15,22,49,25,0
19-Mar-16,Sat,11,23,43,54,60,3,0
16-Mar-16,Wed,10,12,13,46,50,21,0
12-Mar-16,Sat,11,28,50,57,62,23,0
9-Mar-16,Wed,14,23,32,34,68,3,0
5-Mar-16,Sat,3,27,34,59,69,19,0
2-Mar-16,Wed,12,13,44,52,62,6,1
27-Feb-16,Sat,10,11,21,22,53,18,0
24-Feb-16,Wed,21,31,64,65,67,5,0
20-Feb-16,Sat,11,12,15,16,54,25,0
17-Feb-16,Wed,7,17,27,29,40,25,0
13-Feb-16,Sat,7,15,18,19,36,20,0
10-Feb-16,Wed,2,3,40,50,62,5,0
6-Feb-16,Sat,4,13,31,36,52,8,0
3-Feb-16,Wed,26,28,31,60,67,23,0
30-Jan-16,Sat,5,12,16,31,43,18,0
27-Jan-16,Wed,3,12,40,52,67,21,0
23-Jan-16,Sat,22,32,34,40,69,19,0
20-Jan-16,Wed,5,39,44,47,69,24,0
16-Jan-16,Sat,3,51,52,61,64,6,1
13-Jan-16,Wed,4,8,19,27,34,10,1
9-Jan-16,Sat,16,19,32,34,57,13,0
6-Jan-16,Wed,2,11,47,62,63,17,0
2-Jan-16,Sat,5,6,15,29,42,10,0
30-Dec-15,Wed,12,36,38,54,61,22,0
26-Dec-15,Sat,27,40,44,59,65,20,0
23-Dec-15,Wed,16,38,55,63,67,25,0
19-Dec-15,Sat,28,30,41,59,68,10,0
16-Dec-15,Wed,9,10,32,42,55,6,0
12-Dec-15,Sat,2,14,19,30,62,22,0
9-Dec-15,Wed,7,10,16,46,56,1,0
5-Dec-15,Sat,13,27,33,47,68,13,0
2-Dec-15,Wed,14,18,19,32,64,9,0
28-Nov-15,Sat,2,6,47,66,67,2,0
25-Nov-15,Wed,16,29,53,58,69,21,0
21-Nov-15,Sat,37,47,50,52,57,21,0
18-Nov-15,Wed,17,40,41,46,69,6,0
14-Nov-15,Sat,14,22,37,45,66,5,0
11-Nov-15,Wed,4,26,32,55,64,18,0
7-Nov-15,Sat,7,16,25,50,53,15,0
4-Nov-15,Wed,2,12,17,20,65,17,1
31-Oct-15,Sat,9,20,25,47,68,7,0
28-Oct-15,Wed,4,54,56,62,63,10,0
24-Oct-15,Sat,20,31,56,60,64,2,0
21-Oct-15,Wed,30,32,42,56,57,11,0
17-Oct-15,Sat,48,49,57,62,69,19,0
14-Oct-15,Wed,15,20,29,31,40,1,0
10-Oct-15,Sat,12,27,29,43,68,1,0
7-Oct-15,Wed,18,30,40,48,52,9,0
3-Oct-15,Sat,6,26,33,44,46,4,0
30-Sep-15,Wed,21,39,40,55,59,17,1
26-Sep-15,Sat,23,31,42,50,57,5,0
23-Sep-15,Wed,8,29,41,51,58,5,0
19-Sep-15,Sat,12,17,26,43,48,24,0
16-Sep-15,Wed,5,7,24,31,39,7,0
12-Sep-15,Sat,2,3,13,16,35,27,0
9-Sep-15,Wed,44,45,47,50,51,8,0
5-Sep-15,Sat,10,16,18,29,45,19,0
2-Sep-15,Wed,17,22,30,46,56,16,0
29-Aug-15,Sat,18,21,25,28,29,16,0
26-Aug-15,Wed,2,22,32,45,56,12,0
22-Aug-15,Sat,4,12,14,21,55,7,0
19-Aug-15,Wed,6,8,43,48,50,7,0
15-Aug-15,Sat,3,13,17,42,52,24,0
12-Aug-15,Wed,8,13,29,38,52,28,0
8-Aug-15,Sat,9,34,48,52,54,15,0
5-Aug-15,Wed,9,11,14,16,42,19,0
1-Aug-15,Sat,7,13,24,49,57,15,1
29-Jul-15,Wed,4,22,27,28,52,35,0
25-Jul-15,Sat,27,29,34,41,44,2,0
22-Jul-15,Wed,12,31,43,44,57,11,0
18-Jul-15,Sat,6,37,39,45,55,33,0
15-Jul-15,Wed,13,16,34,45,50,11,0
11-Jul-15,Sat,11,39,46,52,54,3,0
8-Jul-15,Wed,4,15,25,27,30,18,0
4-Jul-15,Sat,3,6,14,18,24,21,1
1-Jul-15,Wed,7,24,26,31,41,25,0
27-Jun-15,Sat,18,28,35,46,49,27,0
24-Jun-15,Wed,3,5,10,22,32,7,0
20-Jun-15,Sat,9,10,16,20,57,15,1
17-Jun-15,Wed,20,21,22,41,54,7,0
13-Jun-15,Sat,29,41,48,52,54,29,0
10-Jun-15,Wed,31,32,48,49,53,25,0
6-Jun-15,Sat,8,13,18,27,43,15,0
3-Jun-15,Wed,6,8,13,37,40,11,1
30-May-15,Sat,8,9,25,56,57,22,0
27-May-15,Wed,8,15,34,53,59,23,0
23-May-15,Sat,9,15,17,31,43,16,0
20-May-15,Wed,1,12,28,35,44,25,0
16-May-15,Sat,24,29,38,48,52,32,0
13-May-15,Wed,1,25,29,31,47,7,0
9-May-15,Sat,4,15,17,35,58,17,0
6-May-15,Wed,23,24,27,39,41,30,0
2-May-15,Sat,2,6,11,30,31,33,0
29-Apr-15,Wed,1,26,34,38,51,6,0
25-Apr-15,Sat,21,33,35,38,45,12,0
22-Apr-15,Wed,10,14,25,39,53,18,0
18-Apr-15,Sat,13,22,23,29,31,17,1
15-Apr-15,Wed,1,16,21,29,40,30,0
11-Apr-15,Sat,1,12,32,42,58,12,1
8-Apr-15,Wed,1,19,45,46,58,29,0
4-Apr-15,Sat,33,39,40,41,54,28,0
1-Apr-15,Wed,2,30,33,39,44,1,0
28-Mar-15,Sat,2,4,6,12,38,17,1
25-Mar-15,Wed,7,19,23,50,54,14,1
21-Mar-15,Sat,11,16,30,38,42,7,1
18-Mar-15,Wed,14,25,30,33,47,8,0
14-Mar-15,Sat,8,14,39,46,47,18,1
11-Mar-15,Wed,11,24,31,40,44,27,0
7-Mar-15,Sat,34,36,38,42,50,33,0
4-Mar-15,Wed,8,12,15,35,50,32,0
28-Feb-15,Sat,11,17,25,28,46,12,0
25-Feb-15,Wed,17,19,21,32,39,8,0
21-Feb-15,Sat,10,14,18,34,51,26,0
18-Feb-15,Wed,1,9,29,32,49,22,0
14-Feb-15,Sat,1,24,44,45,51,28,0
11-Feb-15,Wed,11,13,25,39,54,19,1
7-Feb-15,Sat,5,10,21,34,58,33,0
4-Feb-15,Wed,24,36,51,52,56,22,0
31-Jan-15,Sat,5,11,16,26,50,34,0
28-Jan-15,Wed,12,24,35,36,49,1,0
24-Jan-15,Sat,16,19,20,29,33,10,0
21-Jan-15,Wed,11,12,15,28,57,23,0
17-Jan-15,Sat,15,16,23,27,36,9,0
14-Jan-15,Wed,2,4,10,41,53,22,0
10-Jan-15,Sat,2,9,19,28,29,19,0
7-Jan-15,Wed,14,15,47,49,59,10,0
3-Jan-15,Sat,4,18,43,46,55,25,0
31-Dec-14,Wed,17,27,37,40,53,35,0
27-Dec-14,Sat,7,10,11,14,36,15,0
24-Dec-14,Wed,11,12,46,47,50,22,0
20-Dec-14,Sat,14,15,19,31,56,5,0
17-Dec-14,Wed,22,31,38,47,48,15,0
13-Dec-14,Sat,5,13,28,43,55,33,0
10-Dec-14,Wed,34,44,48,54,55,10,0
6-Dec-14,Sat,12,15,22,43,49,14,0
3-Dec-14,Wed,25,30,32,46,54,26,0
29-Nov-14,Sat,13,24,30,42,48,27,1
26-Nov-14,Wed,16,17,22,46,54,35,0
22-Nov-14,Sat,23,49,53,54,57,35,0
19-Nov-14,Wed,6,36,38,48,51,17,0
15-Nov-14,Sat,13,16,33,35,51,28,0
12-Nov-14,Wed,37,39,51,52,55,11,0
8-Nov-14,Sat,9,19,33,38,54,15,1
5-Nov-14,Wed,2,11,19,21,42,34,0
1-Nov-14,Sat,1,3,13,25,38,17,0
29-Oct-14,Wed,25,28,48,57,59,16,0
25-Oct-14,Sat,6,10,51,54,57,12,0
22-Oct-14,Wed,29,30,40,42,50,16,0
18-Oct-14,Sat,20,26,27,36,54,19,0
15-Oct-14,Wed,5,7,19,27,28,20,0
11-Oct-14,Sat,10,19,37,38,39,28,0
8-Oct-14,Wed,5,16,31,46,50,18,0
4-Oct-14,Sat,13,18,24,25,33,31,0
1-Oct-14,Wed,1,4,18,20,45,7,0
27-Sep-14,Sat,2,11,35,52,54,13,0
24-Sep-14,Wed,7,14,21,24,41,26,1
20-Sep-14,Sat,22,23,30,37,39,16,0
17-Sep-14,Wed,18,25,36,48,50,23,0
13-Sep-14,Sat,1,6,16,37,53,27,0
10-Sep-14,Wed,2,14,39,40,43,13,0
6-Sep-14,Sat,9,29,31,43,50,18,0
3-Sep-14,Wed,2,16,43,45,51,35,0
30-Aug-14,Sat,5,28,31,52,59,27,0
27-Aug-14,Wed,17,24,26,45,46,19,0
23-Aug-14,Sat,28,32,35,36,52,31,0
20-Aug-14,Wed,4,8,21,38,40,3,0
16-Aug-14,Sat,7,8,17,48,59,9,0
13-Aug-14,Wed,8,37,39,40,52,24,0
9-Aug-14,Sat,3,12,31,34,51,24,1
6-Aug-14,Wed,1,8,24,28,49,24,0
2-Aug-14,Sat,12,26,44,46,47,29,0
30-Jul-14,Wed,13,30,42,49,53,29,0
26-Jul-14,Sat,24,28,30,38,39,16,0
23-Jul-14,Wed,4,10,12,22,31,3,0
19-Jul-14,Sat,10,17,25,45,53,9,1
16-Jul-14,Wed,5,15,18,26,32,35,0
12-Jul-14,Sat,2,3,7,23,51,26,0
9-Jul-14,Wed,9,25,42,55,57,14,1
5-Jul-14,Sat,24,34,36,57,58,11,0
2-Jul-14,Wed,8,18,45,53,58,35,0
28-Jun-14,Sat,8,12,34,43,56,9,0
25-Jun-14,Wed,10,20,25,50,53,35,0
21-Jun-14,Sat,5,6,37,41,54,26,0
18-Jun-14,Wed,6,9,29,52,59,7,0
14-Jun-14,Sat,9,33,42,45,54,30,0
11-Jun-14,Wed,14,18,25,33,49,23,1
7-Jun-14,Sat,28,30,35,58,59,15,0
4-Jun-14,Wed,1,7,10,22,49,24,0
31-May-14,Sat,15,27,31,34,48,1,0
28-May-14,Wed,2,24,28,32,59,25,0
24-May-14,Sat,15,16,28,49,55,18,0
21-May-14,Wed,4,20,34,39,58,31,0
17-May-14,Sat,23,32,39,47,49,22,0
14-May-14,Wed,7,33,39,52,55,33,0
10-May-14,Sat,4,31,41,47,55,1,0
7-May-14,Wed,17,29,31,48,49,34,0
3-May-14,Sat,5,15,16,46,49,26,0
30-Apr-14,Wed,2,9,11,19,50,32,0
26-Apr-14,Sat,3,7,22,30,33,20,0
23-Apr-14,Wed,19,25,29,36,48,12,1
19-Apr-14,Sat,5,6,29,35,51,21,0
16-Apr-14,Wed,34,39,42,44,59,8,0
12-Apr-14,Sat,14,26,45,54,55,20,0
9-Apr-14,Wed,9,14,44,48,49,29,0
5-Apr-14,Sat,11,21,26,33,34,29,0
2-Apr-14,Wed,8,13,19,22,53,24,0
29-Mar-14,Sat,2,3,12,27,38,17,0
26-Mar-14,Wed,28,33,41,44,59,21,0
22-Mar-14,Sat,13,28,31,55,58,15,1
19-Mar-14,Wed,2,19,23,34,43,14,0
15-Mar-14,Sat,2,5,34,51,58,9,0
12-Mar-14,Wed,14,15,28,37,54,10,0
8-Mar-14,Sat,10,14,24,32,41,30,0
5-Mar-14,Wed,3,7,9,26,54,19,0
1-Mar-14,Sat,3,8,25,30,47,13,1
26-Feb-14,Wed,11,12,17,38,42,2,0
22-Feb-14,Sat,2,3,13,14,54,4,0
19-Feb-14,Wed,1,17,35,49,54,34,1
15-Feb-14,Sat,2,9,14,21,23,3,0
12-Feb-14,Wed,36,44,49,52,57,1,0
8-Feb-14,Sat,24,25,34,37,54,29,0
5-Feb-14,Wed,8,17,32,57,59,24,0
1-Feb-14,Sat,5,12,15,27,38,7,0
29-Jan-14,Wed,11,23,28,32,47,20,0
25-Jan-14,Sat,8,12,18,55,57,2,0
22-Jan-14,Wed,1,2,7,9,55,29,0
18-Jan-14,Sat,13,14,19,31,38,25,0
15-Jan-14,Wed,7,8,9,24,29,25,0
11-Jan-14,Sat,10,15,33,48,54,34,0
8-Jan-14,Wed,10,28,39,47,58,22,0
4-Jan-14,Sat,19,20,37,41,58,14,0
1-Jan-14,Wed,15,24,40,48,52,23,0
28-Dec-13,Sat,8,35,44,51,56,18,0
25-Dec-13,Wed,23,28,38,39,56,32,1
21-Dec-13,Sat,25,36,40,45,51,8,0
18-Dec-13,Wed,7,24,37,39,40,1,0
14-Dec-13,Sat,14,25,32,33,41,34,0
11-Dec-13,Wed,1,10,13,18,19,27,1
7-Dec-13,Sat,13,20,32,45,48,17,0
4-Dec-13,Wed,6,9,11,31,44,25,0
30-Nov-13,Sat,5,26,44,45,57,29,0
27-Nov-13,Wed,18,25,50,55,57,17,0
23-Nov-13,Sat,5,12,43,52,55,10,0
20-Nov-13,Wed,4,18,23,32,45,7,0
16-Nov-13,Sat,10,29,37,44,59,10,1
13-Nov-13,Wed,5,31,50,55,56,9,0
9-Nov-13,Sat,3,9,37,49,56,32,0
6-Nov-13,Wed,1,5,10,15,49,22,0
2-Nov-13,Sat,13,23,24,27,40,17,0
30-Oct-13,Wed,2,36,40,49,54,10,0
26-Oct-13,Sat,4,6,34,49,56,29,0
23-Oct-13,Wed,3,23,31,34,47,13,1
19-Oct-13,Sat,9,33,54,56,57,5,0
16-Oct-13,Wed,3,26,28,34,42,28,0
12-Oct-13,Sat,8,10,26,57,58,4,0
9-Oct-13,Wed,3,9,19,33,38,18,0
5-Oct-13,Sat,11,12,17,39,40,5,0
2-Oct-13,Wed,4,6,25,42,51,17,0
28-Sep-13,Sat,14,47,52,53,54,5,0
25-Sep-13,Wed,2,7,17,49,53,23,0
21-Sep-13,Sat,12,17,45,54,58,13,0
18-Sep-13,Wed,7,10,22,32,35,19,1
14-Sep-13,Sat,1,17,25,37,44,20,0
11-Sep-13,Wed,11,19,33,42,52,33,0
7-Sep-13,Sat,2,19,22,26,45,24,0
4-Sep-13,Wed,2,9,26,45,47,11,0
31-Aug-13,Sat,2,7,25,40,56,20,0
28-Aug-13,Wed,6,7,9,19,32,13,0
24-Aug-13,Sat,12,17,25,45,59,19,0
21-Aug-13,Wed,30,40,42,46,48,23,0
17-Aug-13,Sat,18,21,46,54,56,23,0
14-Aug-13,Wed,4,11,17,43,51,20,0
10-Aug-13,Sat,4,12,14,37,58,13,0
7-Aug-13,Wed,5,25,30,58,59,32,1
3-Aug-13,Sat,21,24,36,42,45,15,0
31-Jul-13,Wed,8,24,39,49,59,5,0
27-Jul-13,Sat,9,23,40,53,58,6,0
24-Jul-13,Wed,9,29,40,44,54,7,0
20-Jul-13,Sat,14,25,27,38,58,6,0
17-Jul-13,Wed,1,22,34,38,42,17,0
13-Jul-13,Sat,2,8,22,35,37,6,0
10-Jul-13,Wed,30,31,45,55,59,27,0
6-Jul-13,Sat,2,13,35,36,52,11,0
3-Jul-13,Wed,3,6,29,40,51,4,0
29-Jun-13,Sat,8,28,30,53,56,16,0
26-Jun-13,Wed,1,18,33,39,46,33,0
22-Jun-13,Sat,13,19,23,33,57,28,1
19-Jun-13,Wed,7,46,47,52,57,17,0
15-Jun-13,Sat,28,36,40,48,55,1,0
12-Jun-13,Wed,16,22,23,42,55,32,0
8-Jun-13,Sat,2,11,22,26,32,19,0
5-Jun-13,Wed,4,26,33,36,55,32,0
1-Jun-13,Sat,22,28,33,53,59,14,0
29-May-13,Wed,9,14,17,49,57,2,1
25-May-13,Sat,2,6,19,21,27,25,1
22-May-13,Wed,9,31,35,41,57,26,0
18-May-13,Sat,10,13,14,22,52,11,1
15-May-13,Wed,2,11,26,34,41,32,0
11-May-13,Sat,6,13,19,23,43,16,0
8-May-13,Wed,21,22,26,30,57,27,0
4-May-13,Sat,7,12,26,36,40,17,0
1-May-13,Wed,22,26,31,54,55,18,0
27-Apr-13,Sat,3,23,48,54,55,5,0
24-Apr-13,Wed,9,19,31,56,59,2,0
20-Apr-13,Sat,6,8,30,39,48,20,0
17-Apr-13,Wed,13,18,36,48,58,28,0
13-Apr-13,Sat,10,12,31,56,57,33,0
10-Apr-13,Wed,1,36,40,52,53,20,0
6-Apr-13,Sat,4,7,8,29,39,24,0
3-Apr-13,Wed,1,6,8,12,35,3,0
30-Mar-13,Sat,11,23,26,46,55,27,1
27-Mar-13,Wed,7,37,43,48,52,16,0
23-Mar-13,Sat,17,29,31,52,53,31,1
20-Mar-13,Wed,13,14,17,43,54,15,0
16-Mar-13,Sat,3,7,21,44,53,16,0
13-Mar-13,Wed,5,9,28,32,38,29,0
9-Mar-13,Sat,10,37,40,46,52,12,0
6-Mar-13,Wed,6,10,23,41,45,1,0
2-Mar-13,Sat,3,8,13,41,56,16,0
27-Feb-13,Wed,3,14,20,34,48,21,0
23-Feb-13,Sat,2,5,31,39,41,29,0
20-Feb-13,Wed,3,17,19,25,32,17,0
16-Feb-13,Sat,15,16,46,50,58,29,0
13-Feb-13,Wed,12,23,25,27,43,29,0
9-Feb-13,Sat,5,6,16,36,58,3,0
6-Feb-13,Wed,5,27,36,38,41,12,1
2-Feb-13,Sat,11,16,33,40,41,34,0
30-Jan-13,Wed,14,16,32,47,52,16,0
26-Jan-13,Sat,3,22,26,41,49,18,0
23-Jan-13,Wed,11,12,24,43,45,9,0
19-Jan-13,Sat,8,28,29,34,38,35,0
16-Jan-13,Wed,9,21,28,32,51,35,0
12-Jan-13,Sat,10,14,21,23,47,7,0
9-Jan-13,Wed,11,13,20,27,59,26,0
5-Jan-13,Sat,26,30,49,51,54,25,0
2-Jan-13,Wed,18,20,28,35,53,20,0
29-Dec-12,Sat,36,46,50,52,55,14,0
26-Dec-12,Wed,11,13,23,43,54,4,1
22-Dec-12,Sat,1,18,35,39,44,11,0
19-Dec-12,Wed,5,8,20,23,30,3,1
15-Dec-12,Sat,15,23,40,44,55,14,0
12-Dec-12,Wed,8,10,25,36,44,28,1
8-Dec-12,Sat,7,23,26,40,53,21,0
5-Dec-12,Wed,13,17,19,27,38,12,1
1-Dec-12,Sat,3,10,19,36,46,3,0
28-Nov-12,Wed,5,16,22,23,29,6,1
24-Nov-12,Sat,22,32,37,44,50,34,0
21-Nov-12,Wed,8,18,24,30,39,26,0
17-Nov-12,Sat,3,15,27,58,59,20,0
14-Nov-12,Wed,8,10,30,44,58,13,0
10-Nov-12,Sat,32,42,50,54,55,32,0
7-Nov-12,Wed,32,34,45,52,58,20,0
3-Nov-12,Sat,4,7,9,30,54,25,0
31-Oct-12,Wed,1,27,31,45,48,5,0
27-Oct-12,Sat,22,32,34,36,56,33,0
24-Oct-12,Wed,3,18,21,23,50,4,0
20-Oct-12,Sat,4,21,28,31,44,10,0
17-Oct-12,Wed,1,7,10,23,42,35,0
13-Oct-12,Sat,2,5,25,26,49,18,0
10-Oct-12,Wed,18,26,29,35,43,28,0
6-Oct-12,Sat,15,26,34,36,59,35,0
3-Oct-12,Wed,17,23,36,55,59,10,1
29-Sep-12,Sat,14,18,28,29,57,8,0
26-Sep-12,Wed,13,26,39,41,42,10,1
22-Sep-12,Sat,2,16,18,40,42,33,0
19-Sep-12,Wed,1,5,8,39,50,23,0
15-Sep-12,Sat,3,20,26,43,48,1,0
12-Sep-12,Wed,24,33,36,48,56,6,0
8-Sep-12,Sat,6,20,34,44,48,29,0
5-Sep-12,Wed,4,19,26,42,51,29,0
1-Sep-12,Sat,8,11,21,44,49,22,0
29-Aug-12,Wed,25,28,49,54,56,28,0
25-Aug-12,Sat,1,6,7,20,49,23,0
22-Aug-12,Wed,22,29,31,47,55,19,0
18-Aug-12,Sat,14,26,41,55,59,1,0
15-Aug-12,Wed,6,27,46,51,56,21,1
11-Aug-12,Sat,4,13,39,46,51,1,0
8-Aug-12,Wed,3,7,11,15,28,12,0
4-Aug-12,Sat,19,30,48,53,55,18,0
1-Aug-12,Wed,3,16,48,56,58,4,0
28-Jul-12,Sat,5,6,13,36,50,13,0
25-Jul-12,Wed,3,14,35,38,46,16,0
21-Jul-12,Sat,9,31,38,54,56,20,0
18-Jul-12,Wed,2,5,20,23,57,3,0
14-Jul-12,Sat,4,16,32,37,46,13,0
11-Jul-12,Wed,5,22,36,49,55,23,0
7-Jul-12,Sat,3,5,29,39,59,29,0
4-Jul-12,Wed,14,19,35,39,56,33,0
30-Jun-12,Sat,7,15,20,41,44,22,0
27-Jun-12,Wed,6,34,40,46,58,6,0
23-Jun-12,Sat,1,3,41,44,53,30,1
20-Jun-12,Wed,11,17,29,56,57,14,0
16-Jun-12,Sat,8,14,15,16,27,26,0
13-Jun-12,Wed,7,10,14,33,57,18,1
9-Jun-12,Sat,18,22,45,56,57,27,0
6-Jun-12,Wed,19,30,33,48,59,27,0
2-Jun-12,Sat,9,10,17,29,45,33,0
30-May-12,Wed,9,10,24,52,56,14,0
26-May-12,Sat,13,14,41,49,59,14,0
23-May-12,Wed,4,7,26,53,59,32,0
19-May-12,Sat,8,13,35,46,51,30,0
16-May-12,Wed,3,7,21,28,43,2,0
12-May-12,Sat,10,24,35,53,58,22,0
9-May-12,Wed,1,7,11,55,56,1,0
5-May-12,Sat,9,12,20,44,59,23,0
2-May-12,Wed,7,8,33,38,50,29,0
28-Apr-12,Sat,31,39,40,57,58,33,0
25-Apr-12,Wed,4,25,29,34,43,29,1
21-Apr-12,Sat,6,8,20,42,51,16,0
18-Apr-12,Wed,20,22,39,46,49,29,0
14-Apr-12,Sat,14,15,16,19,24,2,0
11-Apr-12,Wed,16,23,42,44,47,2,0
7-Apr-12,Sat,5,13,17,20,30,18,0
4-Apr-12,Wed,1,24,33,45,49,6,0
31-Mar-12,Sat,5,14,36,54,58,27,0
28-Mar-12,Wed,11,16,29,50,58,33,0
24-Mar-12,Sat,1,15,35,37,47,8,0
21-Mar-12,Wed,32,43,53,55,56,6,1
17-Mar-12,Sat,11,14,49,55,58,30,0
14-Mar-12,Wed,1,8,41,46,59,24,0
10-Mar-12,Sat,5,14,17,20,41,5,0
7-Mar-12,Wed,12,35,45,46,47,12,1
3-Mar-12,Sat,29,30,45,47,49,35,0
29-Feb-12,Wed,1,4,11,23,26,14,0
25-Feb-12,Sat,6,11,42,53,54,7,1
22-Feb-12,Wed,7,16,17,39,51,32,0
18-Feb-12,Sat,23,28,50,56,59,5,0
15-Feb-12,Wed,11,12,32,52,56,11,0
11-Feb-12,Sat,1,10,37,52,57,11,1
8-Feb-12,Wed,17,28,38,39,51,33,0
4-Feb-12,Sat,15,23,43,45,46,7,0
1-Feb-12,Wed,8,13,17,34,59,35,0
28-Jan-12,Sat,5,33,41,54,59,13,0
25-Jan-12,Wed,4,19,28,29,47,5,0
21-Jan-12,Sat,12,24,43,44,45,7,0
18-Jan-12,Wed,6,29,34,44,50,28,0
14-Jan-12,Sat,10,30,36,38,41,1,0
11-Jan-12,Wed,5,19,29,45,47,25,0
7-Jan-12,Sat,3,21,24,38,39,24,0
4-Jan-12,Wed,21,35,46,47,50,2,0
31-Dec-11,Sat,5,23,25,28,40,34,0
28-Dec-11,Wed,16,21,27,41,45,14,0
24-Dec-11,Sat,14,16,30,51,52,19,1
21-Dec-11,Wed,10,13,15,31,54,18,0
17-Dec-11,Sat,13,28,49,51,59,33,0
14-Dec-11,Wed,2,24,46,52,56,19,0
10-Dec-11,Sat,4,19,33,41,59,9,0
7-Dec-11,Wed,3,14,20,39,40,37,0
3-Dec-11,Sat,5,18,33,43,45,8,0
30-Nov-11,Wed,2,6,34,35,47,22,0
26-Nov-11,Sat,20,37,39,45,55,28,0
23-Nov-11,Wed,4,30,35,57,59,25,0
19-Nov-11,Sat,9,16,17,28,30,11,1
16-Nov-11,Wed,13,22,25,39,51,28,0
12-Nov-11,Sat,4,35,36,51,56,8,0
9-Nov-11,Wed,5,35,57,58,59,12,0
5-Nov-11,Sat,2,33,39,40,43,26,0
2-Nov-11,Wed,12,14,34,39,46,36,1
29-Oct-11,Sat,11,16,40,51,56,38,0
26-Oct-11,Wed,1,18,21,39,55,6,0
22-Oct-11,Sat,3,8,23,30,58,13,0
19-Oct-11,Wed,16,26,35,52,58,2,0
15-Oct-11,Sat,5,10,24,38,43,1,0
12-Oct-11,Wed,10,12,23,43,47,18,0
8-Oct-11,Sat,3,27,35,37,45,31,0
5-Oct-11,Wed,7,20,43,46,54,17,0
1-Oct-11,Sat,1,12,23,27,43,31,0
28-Sep-11,Wed,30,41,50,51,53,8,0
24-Sep-11,Sat,3,4,12,27,44,26,0
21-Sep-11,Wed,12,47,48,52,55,13,0
17-Sep-11,Sat,6,20,22,32,43,11,0
14-Sep-11,Wed,16,41,42,50,59,5,1
10-Sep-11,Sat,4,19,22,32,53,24,0
7-Sep-11,Wed,3,5,18,27,54,13,1
3-Sep-11,Sat,15,25,52,53,54,2,1
31-Aug-11,Wed,13,19,35,47,57,29,0
27-Aug-11,Sat,2,12,25,54,58,14,0
24-Aug-11,Wed,9,13,47,49,53,39,0
20-Aug-11,Sat,2,17,23,28,47,36,0
17-Aug-11,Wed,18,28,31,48,52,37,0
13-Aug-11,Sat,9,12,35,50,58,4,0
10-Aug-11,Wed,11,18,36,41,46,38,1
6-Aug-11,Sat,25,30,54,57,59,6,1
3-Aug-11,Wed,13,19,21,28,49,11,0
30-Jul-11,Sat,20,40,41,47,55,19,0
27-Jul-11,Wed,38,40,41,51,59,33,0
23-Jul-11,Sat,1,7,27,38,48,30,0
20-Jul-11,Wed,1,4,38,40,42,17,0
16-Jul-11,Sat,24,28,48,50,54,25,0
13-Jul-11,Wed,8,18,19,32,54,8,0
9-Jul-11,Sat,1,9,11,23,31,6,0
6-Jul-11,Wed,11,15,24,50,55,8,0
2-Jul-11,Sat,1,11,18,29,51,32,0
29-Jun-11,Wed,24,30,45,57,59,26,1
25-Jun-11,Sat,18,36,39,41,57,12,0
22-Jun-11,Wed,12,15,19,46,59,12,0
18-Jun-11,Sat,12,21,22,38,41,18,0
15-Jun-11,Wed,19,20,38,41,43,29,0
11-Jun-11,Sat,16,18,27,36,50,8,0
8-Jun-11,Wed,14,37,44,45,53,29,0
4-Jun-11,Sat,17,19,39,41,58,21,1
1-Jun-11,Wed,8,18,38,46,56,31,1
28-May-11,Sat,12,20,43,51,55,11,1
25-May-11,Wed,4,23,31,42,50,23,0
21-May-11,Sat,2,8,40,49,50,36,0
18-May-11,Wed,7,12,13,42,49,16,0
14-May-11,Sat,8,17,18,40,44,16,0
11-May-11,Wed,9,17,32,43,45,31,0
7-May-11,Sat,2,11,27,47,55,15,0
4-May-11,Wed,3,15,27,29,41,24,0
30-Apr-11,Sat,6,13,15,32,41,3,0
27-Apr-11,Wed,4,24,40,44,55,5,0
23-Apr-11,Sat,3,11,47,48,58,19,1
20-Apr-11,Wed,9,24,34,36,43,27,1
16-Apr-11,Sat,21,33,44,45,55,7,0
13-Apr-11,Wed,4,23,39,49,50,39,0
9-Apr-11,Sat,5,14,32,53,56,11,0
6-Apr-11,Wed,10,18,41,55,56,15,1
2-Apr-11,Sat,6,22,34,43,45,23,1
30-Mar-11,Wed,19,20,42,56,58,37,0
26-Mar-11,Sat,4,10,11,19,33,27,0
23-Mar-11,Wed,5,15,26,28,32,9,0
19-Mar-11,Sat,3,11,20,27,46,8,0
16-Mar-11,Wed,28,39,40,48,53,9,0
12-Mar-11,Sat,1,4,12,41,47,3,0
9-Mar-11,Wed,12,20,28,40,48,8,0
5-Mar-11,Sat,2,23,31,42,48,21,0
2-Mar-11,Wed,7,31,50,51,58,6,0
26-Feb-11,Sat,4,13,17,21,45,10,1
23-Feb-11,Wed,29,32,36,39,49,29,1
19-Feb-11,Sat,3,12,34,37,42,36,0
16-Feb-11,Wed,9,13,21,23,48,24,0
12-Feb-11,Sat,11,32,36,48,52,19,0
9-Feb-11,Wed,7,11,39,42,51,30,0
5-Feb-11,Sat,15,37,41,56,59,5,0
2-Feb-11,Wed,3,14,33,53,57,36,0
29-Jan-11,Sat,24,28,45,49,52,2,0
26-Jan-11,Wed,4,5,36,47,58,6,0
22-Jan-11,Sat,30,31,34,45,51,23,1
19-Jan-11,Wed,22,36,51,56,59,32,1
15-Jan-11,Sat,9,13,22,23,37,31,0
12-Jan-11,Wed,19,21,23,40,48,27,0
8-Jan-11,Sat,6,7,26,33,52,24,0
5-Jan-11,Wed,22,26,32,38,40,7,0
1-Jan-11,Sat,18,22,37,47,54,36,0
29-Dec-10,Wed,3,16,18,20,37,30,0
25-Dec-10,Sat,1,17,38,50,52,24,1
22-Dec-10,Wed,11,33,44,46,47,12,1
18-Dec-10,Sat,4,11,19,33,43,14,0
15-Dec-10,Wed,10,11,18,32,45,18,0
11-Dec-10,Sat,1,8,10,19,20,23,1
8-Dec-10,Wed,8,11,25,41,58,16,0
4-Dec-10,Sat,13,24,27,31,42,22,0
1-Dec-10,Wed,5,10,11,12,20,2,1
27-Nov-10,Sat,10,30,37,47,54,39,1
24-Nov-10,Wed,8,20,21,32,37,4,0
20-Nov-10,Sat,10,12,38,53,57,1,0
17-Nov-10,Wed,14,16,53,54,59,5,0
13-Nov-10,Sat,17,30,48,51,54,29,0
10-Nov-10,Wed,5,8,11,40,44,10,0
6-Nov-10,Sat,7,12,23,34,38,33,1
3-Nov-10,Wed,34,38,39,45,50,33,1
30-Oct-10,Sat,1,7,27,36,49,39,0
27-Oct-10,Wed,20,24,25,53,59,15,0
23-Oct-10,Sat,2,7,16,20,46,34,0
20-Oct-10,Wed,7,17,20,39,59,17,0
16-Oct-10,Sat,11,12,15,16,28,11,0
13-Oct-10,Wed,12,22,32,34,46,2,0
9-Oct-10,Sat,2,6,32,42,49,35,0
6-Oct-10,Wed,14,26,37,41,46,24,1
2-Oct-10,Sat,12,20,30,36,47,25,1
29-Sep-10,Wed,13,44,51,52,55,30,0
25-Sep-10,Sat,8,16,27,35,42,30,0
22-Sep-10,Wed,10,24,36,52,55,15,0
18-Sep-10,Sat,1,18,37,39,44,13,1
15-Sep-10,Wed,7,20,21,34,43,34,1
11-Sep-10,Sat,7,17,20,36,59,33,0
8-Sep-10,Wed,10,35,39,51,57,20,0
4-Sep-10,Sat,11,14,22,33,42,38,0
1-Sep-10,Wed,17,20,21,40,51,19,0
28-Aug-10,Sat,4,22,27,32,56,13,0
25-Aug-10,Wed,16,17,29,31,36,23,0
21-Aug-10,Sat,7,10,12,22,27,26,1
18-Aug-10,Wed,4,32,33,47,55,39,1
14-Aug-10,Sat,9,33,36,50,58,31,0
11-Aug-10,Wed,7,10,22,23,52,29,0
7-Aug-10,Sat,4,22,26,31,52,30,0
4-Aug-10,Wed,19,28,30,37,53,36,0
31-Jul-10,Sat,1,16,17,41,57,15,1
28-Jul-10,Wed,1,11,20,25,27,2,1
24-Jul-10,Sat,20,30,38,46,59,27,0
21-Jul-10,Wed,16,22,30,51,58,25,0
17-Jul-10,Sat,22,27,35,37,45,3,0
14-Jul-10,Wed,20,21,23,38,42,6,0
10-Jul-10,Sat,20,21,27,28,56,4,1
7-Jul-10,Wed,10,41,44,48,56,4,1
3-Jul-10,Sat,3,10,14,52,53,3,0
30-Jun-10,Wed,6,38,43,47,48,27,0
26-Jun-10,Sat,13,30,32,38,57,25,0
23-Jun-10,Wed,11,30,45,47,48,10,1
19-Jun-10,Sat,9,30,31,50,54,39,0
16-Jun-10,Wed,8,11,18,29,36,6,0
12-Jun-10,Sat,9,12,13,35,38,30,0
9-Jun-10,Wed,14,22,27,32,49,5,0
5-Jun-10,Sat,18,34,40,48,59,25,0
2-Jun-10,Wed,4,9,14,39,43,38,1
29-May-10,Sat,1,3,24,28,41,10,1
26-May-10,Wed,1,6,10,13,20,32,0
22-May-10,Sat,19,20,40,47,57,29,0
19-May-10,Wed,2,7,29,55,58,27,0
15-May-10,Sat,15,21,23,28,36,20,0
12-May-10,Wed,37,51,52,53,58,38,0
8-May-10,Sat,5,22,34,41,57,31,0
5-May-10,Wed,13,34,40,47,57,11,0
1-May-10,Sat,16,23,25,49,58,20,0
28-Apr-10,Wed,12,22,25,28,44,24,0
24-Apr-10,Sat,1,12,53,56,57,5,0
21-Apr-10,Wed,11,34,41,49,55,20,1
17-Apr-10,Sat,5,21,22,41,49,15,1
14-Apr-10,Wed,6,14,32,38,52,20,0
10-Apr-10,Sat,21,22,49,52,58,34,0
7-Apr-10,Wed,4,36,40,44,52,33,0
3-Apr-10,Sat,10,15,31,52,59,4,0
31-Mar-10,Wed,5,13,17,45,54,12,0
27-Mar-10,Sat,7,21,32,44,52,10,0
24-Mar-10,Wed,14,20,24,39,49,7,0
20-Mar-10,Sat,9,36,39,44,45,9,0
17-Mar-10,Wed,24,26,45,48,55,8,0
13-Mar-10,Sat,6,16,20,31,36,8,1
10-Mar-10,Wed,17,21,37,41,50,1,1
6-Mar-10,Sat,10,29,33,41,59,15,0
3-Mar-10,Wed,7,9,14,45,49,23,0
27-Feb-10,Sat,18,47,51,53,58,30,0
24-Feb-10,Wed,4,17,35,50,57,12,0
20-Feb-10,Sat,13,27,37,41,54,32,0
17-Feb-10,Wed,7,8,19,26,36,15,0
13-Feb-10,Sat,10,14,30,40,51,1,0
10-Feb-10,Wed,5,8,29,37,38,34,0
6-Feb-10,Sat,14,22,52,54,59,4,1
3-Feb-10,Wed,17,22,36,37,52,24,1
30-Jan-10,Sat,6,26,35,47,48,21,0
27-Jan-10,Wed,6,15,20,26,31,9,0
23-Jan-10,Sat,15,16,20,42,53,17,0
20-Jan-10,Wed,15,32,43,44,46,19,0
16-Jan-10,Sat,7,8,23,41,55,23,0
13-Jan-10,Wed,8,11,15,32,50,27,0
9-Jan-10,Sat,20,41,44,50,54,22,0
6-Jan-10,Wed,20,27,29,56,58,31,0
2-Jan-10,Sat,3,7,23,27,42,37,0
30-Dec-09,Wed,5,14,38,39,52,6,1
26-Dec-09,Sat,32,36,37,41,53,30,1
23-Dec-09,Wed,8,32,49,51,52,23,1
19-Dec-09,Sat,17,24,39,41,47,21,0
16-Dec-09,Wed,13,23,25,35,43,15,0
12-Dec-09,Sat,12,13,14,35,41,29,0
9-Dec-09,Wed,1,5,12,13,58,21,0
5-Dec-09,Sat,27,39,41,44,58,17,0
2-Dec-09,Wed,14,34,37,46,55,37,0
28-Nov-09,Sat,26,27,28,46,50,21,0
25-Nov-09,Wed,4,13,18,49,59,5,0
21-Nov-09,Sat,7,26,36,49,58,4,0
18-Nov-09,Wed,32,42,50,58,59,31,1
14-Nov-09,Sat,19,30,32,48,57,14,0
11-Nov-09,Wed,8,12,14,22,29,22,1
7-Nov-09,Sat,7,32,37,46,50,26,1
4-Nov-09,Wed,10,11,14,45,51,17,0
31-Oct-09,Sat,2,19,26,41,54,23,0
28-Oct-09,Wed,3,11,26,46,51,23,0
24-Oct-09,Sat,14,22,38,49,59,16,0
21-Oct-09,Wed,6,16,34,45,51,4,0
17-Oct-09,Sat,5,16,25,30,49,39,0
14-Oct-09,Wed,5,15,25,30,40,6,0
10-Oct-09,Sat,13,32,45,49,50,30,1
7-Oct-09,Wed,2,20,21,38,50,22,0
3-Oct-09,Sat,12,24,48,50,57,22,1
30-Sep-09,Wed,41,42,52,54,57,30,1
26-Sep-09,Sat,18,20,34,36,39,19,0
23-Sep-09,Wed,7,8,20,25,29,11,0
19-Sep-09,Sat,5,24,25,30,49,23,0
16-Sep-09,Wed,17,37,40,51,56,25,0
12-Sep-09,Sat,13,28,38,41,56,25,0
9-Sep-09,Wed,4,16,18,51,53,23,0
5-Sep-09,Sat,9,16,27,35,57,29,0
2-Sep-09,Wed,18,23,36,47,59,36,0
29-Aug-09,Sat,1,20,37,52,53,33,0
26-Aug-09,Wed,1,21,23,30,43,11,0
22-Aug-09,Sat,3,6,20,32,51,23,0
19-Aug-09,Wed,14,24,31,43,51,27,1
15-Aug-09,Sat,14,15,26,32,36,12,1
12-Aug-09,Wed,10,25,32,34,47,5,0
8-Aug-09,Sat,4,33,37,45,50,11,0
5-Aug-09,Wed,25,34,41,46,49,29,0
1-Aug-09,Sat,5,37,39,46,53,8,0
29-Jul-09,Wed,2,5,38,43,59,8,0
25-Jul-09,Sat,5,17,33,46,52,9,0
22-Jul-09,Wed,4,6,16,22,32,11,0
18-Jul-09,Sat,4,21,26,28,47,37,0
15-Jul-09,Wed,26,50,51,52,57,37,0
11-Jul-09,Sat,1,4,20,39,42,2,0
8-Jul-09,Wed,19,42,50,53,56,39,0
4-Jul-09,Sat,4,9,22,41,44,14,0
1-Jul-09,Wed,9,32,38,52,53,15,0
27-Jun-09,Sat,18,22,26,39,48,17,0
24-Jun-09,Wed,16,18,24,51,53,16,1
20-Jun-09,Sat,3,11,18,22,28,33,1
17-Jun-09,Wed,5,9,37,42,53,27,1
13-Jun-09,Sat,13,16,20,35,41,6,0
10-Jun-09,Wed,15,26,27,42,58,37,0
6-Jun-09,Sat,10,18,23,30,45,2,0
3-Jun-09,Wed,16,20,22,32,37,9,0
30-May-09,Sat,1,23,42,51,59,20,0
27-May-09,Wed,5,6,12,16,21,7,1
23-May-09,Sat,19,23,34,52,57,21,1
20-May-09,Wed,23,30,31,35,42,6,0
16-May-09,Sat,6,7,31,40,56,38,0
13-May-09,Wed,19,30,32,37,40,37,0
9-May-09,Sat,4,15,32,49,58,21,0
6-May-09,Wed,7,8,12,22,31,18,0
2-May-09,Sat,3,20,38,42,45,27,0
29-Apr-09,Wed,6,19,36,50,59,13,0
25-Apr-09,Sat,8,26,30,42,52,15,0
22-Apr-09,Wed,15,22,30,37,48,12,0
18-Apr-09,Sat,7,15,28,43,44,20,0
15-Apr-09,Wed,16,22,26,27,59,5,0
11-Apr-09,Sat,7,28,35,46,49,20,0
8-Apr-09,Wed,1,6,48,52,56,9,1
4-Apr-09,Sat,14,21,50,57,58,7,1
1-Apr-09,Wed,2,9,33,41,54,14,0
28-Mar-09,Sat,2,3,16,41,48,19,0
25-Mar-09,Wed,10,20,23,47,54,26,0
21-Mar-09,Sat,19,23,27,49,52,21,0
18-Mar-09,Wed,16,26,29,41,45,1,0
14-Mar-09,Sat,7,30,33,44,51,10,0
11-Mar-09,Wed,3,7,13,34,47,30,0
7-Mar-09,Sat,21,27,28,56,59,21,0
4-Mar-09,Wed,1,6,44,49,55,36,0
28-Feb-09,Sat,3,16,20,42,58,7,1
25-Feb-09,Wed,17,32,42,49,56,11,0
21-Feb-09,Sat,13,31,41,45,46,21,0
18-Feb-09,Wed,2,15,39,44,56,15,0
14-Feb-09,Sat,2,8,9,33,45,5,0
11-Feb-09,Wed,5,10,22,45,49,37,0
7-Feb-09,Sat,5,18,20,28,53,27,0
4-Feb-09,Wed,7,24,30,32,44,18,0
31-Jan-09,Sat,1,14,26,33,41,37,0
28-Jan-09,Wed,5,10,18,23,32,4,0
24-Jan-09,Sat,6,20,25,37,42,25,0
21-Jan-09,Wed,20,26,38,46,54,23,0
17-Jan-09,Sat,2,5,9,23,59,26,1
14-Jan-09,Wed,8,25,34,39,46,34,1
10-Jan-09,Sat,8,10,18,43,56,9,0
7-Jan-09,Wed,23,31,33,38,52,24,0
3-Jan-09,Sat,17,22,24,38,55,24,0
31-Dec-08,Wed,7,8,11,17,53,36,0
27-Dec-08,Sat,12,15,26,31,43,10,0
24-Dec-08,Wed,2,17,22,32,41,8,0
20-Dec-08,Sat,3,14,19,32,54,24,0
17-Dec-08,Wed,7,11,18,24,30,26,0
13-Dec-08,Sat,14,26,28,31,40,13,0
10-Dec-08,Wed,6,15,24,37,41,37,0
6-Dec-08,Sat,9,35,39,43,53,10,0
3-Dec-08,Wed,16,17,21,25,55,3,0
29-Nov-08,Sat,5,33,36,39,55,21,0
26-Nov-08,Wed,11,26,31,34,52,14,0
22-Nov-08,Sat,17,19,26,32,45,14,1
19-Nov-08,Wed,8,13,38,39,45,31,1
15-Nov-08,Sat,3,7,8,12,44,37,0
12-Nov-08,Wed,1,18,25,29,45,2,0
8-Nov-08,Sat,2,4,21,36,40,41,0
5-Nov-08,Wed,4,8,18,33,36,32,0
1-Nov-08,Sat,4,6,26,40,41,15,0
29-Oct-08,Wed,20,30,37,50,52,33,1
25-Oct-08,Sat,1,3,14,38,48,2,1
22-Oct-08,Wed,10,17,33,51,52,5,0
18-Oct-08,Sat,10,14,32,40,49,15,0
15-Oct-08,Wed,3,13,32,38,48,13,0
11-Oct-08,Sat,3,7,17,39,47,9,0
8-Oct-08,Wed,2,12,17,48,54,2,0
4-Oct-08,Sat,1,4,26,32,39,18,0
1-Oct-08,Wed,8,9,39,43,55,26,1
27-Sep-08,Sat,13,24,29,40,52,29,1
24-Sep-08,Wed,5,13,21,32,36,33,1
20-Sep-08,Sat,6,28,30,40,47,24,0
17-Sep-08,Wed,12,23,26,32,44,20,0
13-Sep-08,Sat,7,17,29,43,51,38,0
10-Sep-08,Wed,14,15,28,37,53,18,0
6-Sep-08,Sat,17,25,26,49,54,11,0
3-Sep-08,Wed,38,40,46,49,50,34,0
30-Aug-08,Sat,2,14,15,32,47,36,0
27-Aug-08,Wed,13,31,36,48,49,11,0
23-Aug-08,Sat,18,24,33,47,48,23,0
20-Aug-08,Wed,15,16,24,35,47,26,0
16-Aug-08,Sat,5,34,40,43,52,20,0
13-Aug-08,Wed,5,10,19,23,31,26,0
9-Aug-08,Sat,32,40,43,49,53,21,0
6-Aug-08,Wed,5,24,36,37,51,19,0
2-Aug-08,Sat,2,5,28,33,54,30,1
30-Jul-08,Wed,3,25,45,51,55,13,1
26-Jul-08,Sat,12,13,21,51,55,18,0
23-Jul-08,Wed,11,14,35,41,52,2,0
19-Jul-08,Sat,6,28,46,53,55,2,0
16-Jul-08,Wed,3,15,23,29,42,17,0
12-Jul-08,Sat,2,12,20,22,50,17,0
9-Jul-08,Wed,5,7,31,49,53,14,0
5-Jul-08,Sat,1,24,34,47,48,18,0
2-Jul-08,Wed,4,33,46,48,52,17,1
28-Jun-08,Sat,14,26,32,34,44,6,1
25-Jun-08,Wed,14,21,25,45,53,9,0
21-Jun-08,Sat,7,8,9,31,50,31,0
18-Jun-08,Wed,9,12,31,39,52,32,0
14-Jun-08,Sat,9,11,20,31,50,14,0
11-Jun-08,Wed,7,18,21,28,49,1,0
7-Jun-08,Sat,12,26,34,44,48,9,0
4-Jun-08,Wed,5,18,20,40,52,3,0
31-May-08,Sat,3,9,14,17,25,8,1
28-May-08,Wed,10,18,22,37,45,9,1
24-May-08,Sat,33,40,41,51,52,6,0
21-May-08,Wed,7,16,21,33,42,25,0
17-May-08,Sat,12,14,15,21,43,30,1
14-May-08,Wed,19,21,29,32,46,32,1
10-May-08,Sat,7,18,30,41,45,6,0
7-May-08,Wed,9,25,26,28,42,26,0
3-May-08,Sat,2,28,36,42,46,40,1
30-Apr-08,Wed,1,17,25,43,51,38,1
26-Apr-08,Sat,7,12,17,27,45,24,0
23-Apr-08,Wed,11,20,21,22,39,1,0
19-Apr-08,Sat,13,19,24,33,39,8,0
16-Apr-08,Wed,11,16,18,21,51,16,0
12-Apr-08,Sat,11,29,48,52,55,36,0
9-Apr-08,Wed,3,13,19,32,46,18,0
5-Apr-08,Sat,12,27,30,37,47,26,0
2-Apr-08,Wed,1,34,37,44,55,33,0
29-Mar-08,Sat,18,20,25,31,36,7,0
26-Mar-08,Wed,9,12,20,37,49,17,0
22-Mar-08,Sat,7,25,28,46,48,19,0
19-Mar-08,Wed,6,8,29,41,49,42,0
15-Mar-08,Sat,6,22,42,43,47,16,1
12-Mar-08,Wed,12,19,30,34,36,8,1
8-Mar-08,Sat,17,29,31,34,49,16,0
5-Mar-08,Wed,10,15,16,23,31,5,0
1-Mar-08,Sat,2,19,21,31,55,19,0
27-Feb-08,Wed,20,24,37,48,53,11,0
23-Feb-08,Sat,8,13,23,29,47,32,0
20-Feb-08,Wed,9,12,20,22,36,31,0
16-Feb-08,Sat,3,4,8,20,49,18,0
13-Feb-08,Wed,13,19,32,38,51,30,0
9-Feb-08,Sat,4,23,24,30,43,28,0
6-Feb-08,Wed,3,5,12,42,43,5,0
2-Feb-08,Sat,14,16,25,26,44,30,0
30-Jan-08,Wed,2,17,41,54,55,17,0
26-Jan-08,Sat,11,35,39,53,54,24,0
23-Jan-08,Wed,4,16,35,47,48,39,0
19-Jan-08,Sat,20,23,25,27,28,2,0
16-Jan-08,Wed,9,18,19,38,47,11,1
12-Jan-08,Sat,23,39,43,47,53,14,1
9-Jan-08,Wed,2,13,20,21,23,24,0
5-Jan-08,Sat,4,11,16,33,40,9,0
2-Jan-08,Wed,2,11,31,34,48,5,0
29-Dec-07,Sat,8,12,17,35,49,18,0
26-Dec-07,Wed,8,32,41,54,55,20,0
22-Dec-07,Sat,5,10,11,34,38,21,0
19-Dec-07,Wed,15,18,22,23,42,37,0
15-Dec-07,Sat,22,37,47,48,50,17,0
12-Dec-07,Wed,7,14,33,40,55,15,1
8-Dec-07,Sat,4,8,25,29,31,41,1
5-Dec-07,Wed,1,8,15,21,55,41,0
1-Dec-07,Sat,7,32,39,41,55,13,0
28-Nov-07,Wed,8,23,32,37,39,38,1
24-Nov-07,Sat,1,7,13,23,35,19,1
21-Nov-07,Wed,3,11,13,20,40,20,0
17-Nov-07,Sat,17,27,49,52,53,23,0
14-Nov-07,Wed,16,18,20,30,48,6,0
10-Nov-07,Sat,6,22,24,26,30,12,0
7-Nov-07,Wed,22,29,35,46,52,2,0
3-Nov-07,Sat,1,31,38,40,53,42,0
31-Oct-07,Wed,6,16,18,29,37,24,0
27-Oct-07,Sat,13,25,30,40,43,12,0
24-Oct-07,Wed,10,11,18,49,52,2,0
20-Oct-07,Sat,10,11,37,40,54,10,0
17-Oct-07,Wed,14,15,19,42,46,37,0
13-Oct-07,Sat,21,30,34,36,49,42,0
10-Oct-07,Wed,12,16,31,33,54,5,1
6-Oct-07,Sat,8,30,32,33,51,2,0
3-Oct-07,Wed,2,4,14,15,28,23,0
29-Sep-07,Sat,31,33,38,49,55,39,1
26-Sep-07,Wed,25,27,31,44,54,8,1
22-Sep-07,Sat,4,9,18,43,55,3,1
19-Sep-07,Wed,20,25,26,45,46,15,0
15-Sep-07,Sat,13,16,27,48,51,21,0
12-Sep-07,Wed,5,24,26,33,47,1,0
8-Sep-07,Sat,7,12,28,30,48,40,0
5-Sep-07,Wed,11,20,21,30,48,18,0
1-Sep-07,Sat,12,19,23,37,39,13,1
29-Aug-07,Wed,13,16,33,44,47,29,0
25-Aug-07,Sat,2,8,23,29,35,19,1
22-Aug-07,Wed,12,37,40,48,50,37,0
18-Aug-07,Sat,12,15,28,31,50,12,0
15-Aug-07,Wed,19,22,24,38,51,9,0
11-Aug-07,Sat,1,10,11,37,40,20,0
8-Aug-07,Wed,9,16,21,30,52,9,0
4-Aug-07,Sat,2,23,24,27,36,3,0
1-Aug-07,Wed,9,16,23,51,52,12,0
28-Jul-07,Sat,15,19,24,27,47,11,0
25-Jul-07,Wed,28,35,40,47,53,30,0
21-Jul-07,Sat,14,30,39,43,46,14,0
18-Jul-07,Wed,3,9,14,40,42,3,0
14-Jul-07,Sat,1,21,30,34,36,37,0
11-Jul-07,Wed,8,20,29,42,43,35,0
7-Jul-07,Sat,15,21,27,41,47,20,0
4-Jul-07,Wed,1,2,15,17,49,35,0
30-Jun-07,Sat,24,38,39,46,47,26,0
27-Jun-07,Wed,9,11,13,24,43,18,1
23-Jun-07,Sat,14,15,27,43,53,28,1
20-Jun-07,Wed,23,31,32,37,55,35,0
16-Jun-07,Sat,4,8,32,47,51,27,0
13-Jun-07,Wed,10,13,28,30,47,26,0
9-Jun-07,Sat,7,10,25,32,41,22,0
6-Jun-07,Wed,5,9,14,45,48,28,0
2-Jun-07,Sat,2,22,32,36,47,36,0
30-May-07,Wed,7,23,35,54,55,28,0
26-May-07,Sat,1,5,21,46,51,29,0
23-May-07,Wed,3,11,24,36,38,6,1
19-May-07,Sat,3,19,21,26,45,2,1
16-May-07,Wed,6,7,16,34,42,23,0
12-May-07,Sat,30,44,46,51,53,25,0
9-May-07,Wed,2,13,30,44,52,40,0
5-May-07,Sat,13,21,29,40,50,6,0
2-May-07,Wed,1,8,35,40,47,9,0
28-Apr-07,Sat,16,22,43,46,49,10,1
25-Apr-07,Wed,12,13,14,17,53,11,1
21-Apr-07,Sat,22,26,28,33,45,17,0
18-Apr-07,Wed,6,10,12,13,24,19,0
14-Apr-07,Sat,12,21,36,38,49,18,0
11-Apr-07,Wed,6,15,38,42,51,18,0
7-Apr-07,Sat,2,28,31,54,55,23,0
4-Apr-07,Wed,19,30,39,40,53,16,0
31-Mar-07,Sat,2,5,16,36,40,36,1
28-Mar-07,Wed,6,20,35,37,47,1,1
24-Mar-07,Sat,10,38,40,48,53,3,0
21-Mar-07,Wed,16,24,38,53,54,5,0
17-Mar-07,Sat,7,17,44,47,54,3,1
14-Mar-07,Wed,4,27,30,39,44,18,1
10-Mar-07,Sat,14,18,34,42,43,32,0
7-Mar-07,Wed,13,16,18,19,46,36,0
3-Mar-07,Sat,1,5,16,22,48,6,0
28-Feb-07,Wed,13,20,41,42,53,2,0
24-Feb-07,Sat,36,38,42,54,55,24,0
21-Feb-07,Wed,2,8,22,29,37,3,0
17-Feb-07,Sat,1,15,35,37,45,32,0
14-Feb-07,Wed,3,26,30,54,55,15,0
10-Feb-07,Sat,2,11,16,41,42,16,0
7-Feb-07,Wed,4,22,28,37,52,10,0
3-Feb-07,Sat,12,13,20,33,42,37,0
31-Jan-07,Wed,2,15,25,42,48,14,0
27-Jan-07,Sat,10,19,26,27,32,14,0
24-Jan-07,Wed,9,19,29,42,53,17,1
20-Jan-07,Sat,1,5,26,32,38,30,1
17-Jan-07,Wed,16,35,49,50,52,31,0
13-Jan-07,Sat,1,21,23,25,26,4,0
10-Jan-07,Wed,36,42,45,53,54,36,0
6-Jan-07,Sat,1,24,40,49,50,38,0
3-Jan-07,Wed,10,12,24,35,55,31,0
30-Dec-06,Sat,9,23,28,31,36,26,0
27-Dec-06,Wed,14,16,27,29,41,29,0
23-Dec-06,Sat,8,27,43,52,53,5,0
20-Dec-06,Wed,1,6,14,26,34,34,0
16-Dec-06,Sat,5,17,28,36,51,5,0
13-Dec-06,Wed,19,32,33,42,54,15,0
9-Dec-06,Sat,19,22,30,34,52,40,0
6-Dec-06,Wed,7,34,35,36,38,14,0
2-Dec-06,Sat,17,34,42,45,50,11,0
29-Nov-06,Wed,2,8,9,12,19,25,1
25-Nov-06,Sat,5,18,28,49,55,38,1
22-Nov-06,Wed,22,32,36,49,55,8,0
18-Nov-06,Sat,1,8,19,36,42,20,0
15-Nov-06,Wed,11,28,30,34,43,29,0
11-Nov-06,Sat,35,38,40,49,55,41,0
8-Nov-06,Wed,8,11,12,26,53,4,0
4-Nov-06,Sat,12,13,34,39,44,5,0
1-Nov-06,Wed,7,8,13,46,54,35,1
28-Oct-06,Sat,14,22,30,38,41,12,0
25-Oct-06,Wed,16,40,42,43,48,1,0
21-Oct-06,Sat,9,29,31,45,55,7,0
18-Oct-06,Wed,2,24,34,41,48,24,0
14-Oct-06,Sat,1,15,17,26,40,19,0
11-Oct-06,Wed,5,10,12,35,38,9,0
7-Oct-06,Sat,3,4,8,31,45,12,0
4-Oct-06,Wed,3,7,27,39,40,8,0
30-Sep-06,Sat,6,15,30,32,39,5,0
27-Sep-06,Wed,23,28,33,35,49,16,0
23-Sep-06,Sat,13,21,26,45,50,20,1
20-Sep-06,Wed,7,8,17,29,54,26,1
16-Sep-06,Sat,7,8,26,27,42,12,0
13-Sep-06,Wed,15,19,26,45,47,3,0
9-Sep-06,Sat,3,19,20,22,47,2,0
6-Sep-06,Wed,2,21,27,35,55,1,0
2-Sep-06,Sat,3,8,24,28,49,25,0
30-Aug-06,Wed,3,19,33,35,43,1,0
26-Aug-06,Sat,24,26,38,42,46,16,0
23-Aug-06,Wed,8,17,24,38,51,31,0
19-Aug-06,Sat,12,22,26,29,51,9,0
16-Aug-06,Wed,2,13,22,48,50,2,0
12-Aug-06,Sat,13,14,18,27,54,32,0
9-Aug-06,Wed,16,19,41,43,52,35,0
5-Aug-06,Sat,2,3,9,48,50,23,1
2-Aug-06,Wed,10,13,16,19,24,15,1
29-Jul-06,Sat,14,19,26,39,55,29,0
26-Jul-06,Wed,5,10,17,24,43,31,0
22-Jul-06,Sat,14,40,47,54,55,6,0
19-Jul-06,Wed,2,32,38,44,50,21,0
15-Jul-06,Sat,20,35,36,47,50,5,0
12-Jul-06,Wed,18,19,30,31,33,15,0
8-Jul-06,Sat,32,37,44,49,50,13,0
5-Jul-06,Wed,26,39,41,52,53,20,0
1-Jul-06,Sat,2,31,35,40,42,34,0
28-Jun-06,Wed,2,8,16,45,51,32,0
24-Jun-06,Sat,8,11,30,39,47,23,0
21-Jun-06,Wed,11,19,22,43,45,34,0
17-Jun-06,Sat,10,20,22,39,48,25,1
14-Jun-06,Wed,4,14,15,40,48,12,1
10-Jun-06,Sat,16,24,26,36,54,11,0
7-Jun-06,Wed,4,10,20,26,40,8,0
3-Jun-06,Sat,5,6,18,20,50,35,0
31-May-06,Wed,10,20,22,43,49,3,0
27-May-06,Sat,6,23,27,41,47,19,0
24-May-06,Wed,2,3,12,47,51,10,0
20-May-06,Sat,2,9,23,44,45,38,0
17-May-06,Wed,15,17,24,26,35,38,1
13-May-06,Sat,19,28,30,47,54,13,1
10-May-06,Wed,3,4,11,37,44,24,0
6-May-06,Sat,12,23,25,32,38,27,0
3-May-06,Wed,4,6,19,38,42,37,0
29-Apr-06,Sat,19,30,35,40,41,14,0
26-Apr-06,Wed,12,24,26,48,55,14,0
22-Apr-06,Sat,4,5,6,18,27,24,0
19-Apr-06,Wed,5,28,32,34,53,10,0
15-Apr-06,Sat,13,18,23,28,46,33,0
12-Apr-06,Wed,16,26,34,35,41,24,1
8-Apr-06,Sat,4,23,35,43,44,35,1
5-Apr-06,Wed,3,9,24,29,39,42,0
1-Apr-06,Sat,1,10,23,50,55,29,0
29-Mar-06,Wed,2,14,24,28,54,13,0
25-Mar-06,Sat,20,34,37,39,45,32,0
22-Mar-06,Wed,18,22,23,38,45,31,0
18-Mar-06,Sat,1,25,34,36,42,19,0
15-Mar-06,Wed,7,12,36,48,54,37,0
11-Mar-06,Sat,16,35,37,52,54,33,0
8-Mar-06,Wed,1,5,7,21,43,20,0
4-Mar-06,Sat,13,22,27,52,55,26,0
1-Mar-06,Wed,10,25,35,38,41,23,0
25-Feb-06,Sat,3,37,46,48,51,22,0
22-Feb-06,Wed,9,23,47,53,55,39,0
18-Feb-06,Sat,15,17,43,44,48,29,1
15-Feb-06,Wed,3,13,35,39,40,37,1
11-Feb-06,Sat,7,38,40,51,52,14,0
8-Feb-06,Wed,14,25,32,48,54,10,0
4-Feb-06,Sat,4,12,13,30,38,30,0
1-Feb-06,Wed,11,13,30,35,55,37,0
28-Jan-06,Sat,14,15,26,28,36,36,0
25-Jan-06,Wed,10,37,43,50,52,14,0
21-Jan-06,Sat,3,18,39,43,54,41,0
18-Jan-06,Wed,15,29,38,52,53,7,0
14-Jan-06,Sat,6,14,40,46,49,17,0
11-Jan-06,Wed,3,6,14,17,18,14,0
7-Jan-06,Sat,2,16,21,32,43,6,0
4-Jan-06,Wed,10,23,42,48,54,3,0
31-Dec-05,Sat,4,30,37,43,46,42,0
28-Dec-05,Wed,12,15,30,46,54,1,0
24-Dec-05,Sat,4,10,33,34,50,14,0
21-Dec-05,Wed,9,12,16,23,43,37,0
17-Dec-05,Sat,24,36,44,46,53,18,0
14-Dec-05,Wed,8,15,16,45,51,11,1
10-Dec-05,Sat,3,21,34,42,45,39,1
7-Dec-05,Wed,19,30,41,45,54,14,0
3-Dec-05,Sat,2,15,26,37,42,36,0
30-Nov-05,Wed,19,23,27,42,52,1,0
26-Nov-05,Sat,28,34,37,45,53,32,0
23-Nov-05,Wed,9,12,24,25,27,33,0
19-Nov-05,Sat,8,15,20,41,54,22,0
16-Nov-05,Wed,5,18,20,21,44,27,0
12-Nov-05,Sat,17,37,41,48,55,39,0
9-Nov-05,Wed,5,13,14,31,49,30,0
5-Nov-05,Sat,7,25,29,37,50,17,0
2-Nov-05,Wed,6,11,14,27,41,38,1
29-Oct-05,Sat,14,19,22,41,50,21,1
26-Oct-05,Wed,2,10,39,42,43,23,0
22-Oct-05,Sat,6,7,36,51,53,17,0
19-Oct-05,Wed,7,21,43,44,49,29,1
15-Oct-05,Sat,1,7,8,34,45,15,1
12-Oct-05,Wed,4,9,18,51,54,10,0
8-Oct-05,Sat,26,31,35,46,50,28,0
5-Oct-05,Wed,2,15,25,30,45,17,0
1-Oct-05,Sat,8,18,38,45,54,23,0
28-Sep-05,Wed,7,22,27,48,50,17,0
24-Sep-05,Sat,2,10,31,43,55,14,0
21-Sep-05,Wed,3,28,34,35,50,8,0
17-Sep-05,Sat,5,9,27,49,52,6,0
14-Sep-05,Wed,21,24,42,49,50,1,0
10-Sep-05,Sat,8,10,11,48,50,16,0
7-Sep-05,Wed,12,32,40,50,54,37,0
3-Sep-05,Sat,1,3,30,31,43,36,0
31-Aug-05,Wed,13,17,19,41,50,13,0
27-Aug-05,Sat,8,22,31,39,44,11,0
24-Aug-05,Wed,9,11,26,35,51,32,0
20-Aug-05,Sat,13,27,28,29,49,36,0
17-Aug-05,Wed,3,8,30,43,53,15,0
13-Aug-05,Sat,1,2,18,37,43,37,0
10-Aug-05,Wed,13,31,36,38,49,2,1
6-Aug-05,Sat,1,9,19,36,53,33,1
3-Aug-05,Wed,5,19,24,28,39,24,0
30-Jul-05,Sat,8,14,35,38,46,24,0
27-Jul-05,Wed,1,4,10,13,29,3,0
23-Jul-05,Sat,13,16,20,28,32,36,0
20-Jul-05,Wed,6,7,32,39,51,31,0
16-Jul-05,Sat,8,32,33,41,50,22,0
13-Jul-05,Wed,4,5,13,23,43,34,0
9-Jul-05,Sat,8,9,39,47,53,4,0
6-Jul-05,Wed,2,12,25,30,48,38,0
2-Jul-05,Sat,9,10,29,39,52,20,0
29-Jun-05,Wed,3,8,22,42,49,39,0
25-Jun-05,Sat,7,28,31,32,40,14,1
22-Jun-05,Wed,9,13,23,42,51,15,1
18-Jun-05,Sat,5,8,10,16,24,5,0
15-Jun-05,Wed,14,20,22,39,44,14,0
11-Jun-05,Sat,3,10,14,24,46,37,0
8-Jun-05,Wed,10,36,40,42,43,42,0
4-Jun-05,Sat,7,16,38,44,48,18,0
1-Jun-05,Wed,15,34,39,42,50,12,0
28-May-05,Sat,5,7,24,28,39,36,1
25-May-05,Wed,27,29,31,42,46,33,1
21-May-05,Sat,2,5,7,10,30,23,0
18-May-05,Wed,7,13,17,20,35,35,0
14-May-05,Sat,21,29,38,49,52,42,0
11-May-05,Wed,5,25,46,48,49,6,0
7-May-05,Sat,21,23,39,44,47,19,0
4-May-05,Wed,10,21,27,33,40,2,0
30-Apr-05,Sat,8,15,17,32,48,24,0
27-Apr-05,Wed,11,13,18,32,42,4,0
23-Apr-05,Sat,8,9,13,15,50,9,0
20-Apr-05,Wed,7,16,33,34,46,27,0
16-Apr-05,Sat,11,38,44,45,51,41,0
13-Apr-05,Wed,6,13,37,51,52,25,0
9-Apr-05,Sat,1,11,35,46,53,29,0
6-Apr-05,Wed,5,11,14,22,51,17,0
2-Apr-05,Sat,5,9,11,17,46,39,0
30-Mar-05,Wed,22,28,32,33,39,42,1
26-Mar-05,Sat,9,12,35,41,51,36,1
23-Mar-05,Wed,23,29,37,40,45,38,0
19-Mar-05,Sat,1,21,28,32,41,9,0
16-Mar-05,Wed,11,19,25,38,50,35,1
12-Mar-05,Sat,7,23,40,46,52,41,1
9-Mar-05,Wed,10,17,20,23,45,31,0
5-Mar-05,Sat,9,13,27,40,53,28,1
2-Mar-05,Wed,3,10,18,46,48,8,0
26-Feb-05,Sat,8,22,30,33,49,6,0
23-Feb-05,Wed,4,10,15,48,51,13,1
19-Feb-05,Sat,12,15,18,27,52,36,0
16-Feb-05,Wed,21,25,27,41,48,25,0
12-Feb-05,Sat,18,21,28,49,50,16,1
9-Feb-05,Wed,9,10,15,18,29,9,1
5-Feb-05,Sat,11,34,37,44,47,23,0
2-Feb-05,Wed,10,11,16,40,44,2,0
29-Jan-05,Sat,11,16,20,29,41,12,0
26-Jan-05,Wed,5,32,43,47,48,33,0
22-Jan-05,Sat,11,23,32,33,34,38,1
19-Jan-05,Wed,9,18,32,33,49,27,1
15-Jan-05,Sat,21,26,37,49,51,25,0
12-Jan-05,Wed,21,23,27,38,50,38,0
8-Jan-05,Sat,9,11,22,24,43,2,1
5-Jan-05,Wed,4,7,10,30,37,37,1
1-Jan-05,Sat,22,23,26,44,47,12,0
29-Dec-04,Wed,24,29,33,38,44,7,0
25-Dec-04,Sat,29,32,39,45,53,16,0
22-Dec-04,Wed,2,7,11,24,31,18,1
18-Dec-04,Sat,1,25,29,30,45,12,0
15-Dec-04,Wed,1,6,11,38,53,11,0
11-Dec-04,Sat,6,7,16,41,53,23,0
8-Dec-04,Wed,13,17,35,45,50,2,1
4-Dec-04,Sat,6,9,16,22,30,4,1
1-Dec-04,Wed,3,28,36,38,44,1,0
27-Nov-04,Sat,16,28,35,36,47,31,0
24-Nov-04,Wed,3,19,47,49,53,4,0
20-Nov-04,Sat,4,29,45,48,50,1,0
17-Nov-04,Wed,15,25,31,36,46,37,0
13-Nov-04,Sat,5,6,26,33,34,13,0
10-Nov-04,Wed,14,21,29,43,45,26,0
6-Nov-04,Sat,18,22,33,38,40,19,0
3-Nov-04,Wed,11,35,43,45,48,42,0
30-Oct-04,Sat,20,27,30,40,48,11,0
27-Oct-04,Wed,11,17,40,44,51,21,0
23-Oct-04,Sat,15,24,49,50,52,40,0
20-Oct-04,Wed,1,11,17,41,46,24,0
16-Oct-04,Sat,5,20,22,36,42,11,0
13-Oct-04,Wed,5,14,17,45,46,41,1
9-Oct-04,Sat,1,3,10,47,48,27,1
6-Oct-04,Wed,5,6,19,44,50,28,1
2-Oct-04,Sat,2,13,29,32,35,4,0
29-Sep-04,Wed,16,28,33,35,37,17,0
25-Sep-04,Sat,11,25,40,41,48,3,0
22-Sep-04,Wed,6,14,34,37,40,7,0
18-Sep-04,Sat,2,14,27,31,36,9,0
15-Sep-04,Wed,1,8,17,28,50,20,0
11-Sep-04,Sat,25,34,36,46,49,9,0
8-Sep-04,Wed,2,4,28,33,52,18,0
4-Sep-04,Sat,13,15,25,26,46,28,0
1-Sep-04,Wed,31,33,44,45,51,31,0
28-Aug-04,Sat,6,30,35,39,45,31,0
25-Aug-04,Wed,1,30,32,37,50,19,0
21-Aug-04,Sat,3,16,27,39,40,3,0
18-Aug-04,Wed,31,33,35,40,42,40,0
14-Aug-04,Sat,4,10,11,18,43,41,1
11-Aug-04,Wed,5,10,29,33,51,35,1
7-Aug-04,Sat,8,9,16,34,48,8,0
4-Aug-04,Wed,11,22,26,37,51,21,0
31-Jul-04,Sat,14,31,35,45,47,35,0
28-Jul-04,Wed,4,19,39,40,50,22,0
24-Jul-04,Sat,2,3,13,29,52,25,0
21-Jul-04,Wed,3,31,38,42,46,2,0
17-Jul-04,Sat,20,23,36,45,50,9,0
14-Jul-04,Wed,9,24,45,49,50,37,0
10-Jul-04,Sat,16,17,23,26,44,13,0
7-Jul-04,Wed,18,25,30,34,41,10,1
3-Jul-04,Sat,3,8,12,30,47,23,1
30-Jun-04,Wed,2,29,31,45,47,4,0
26-Jun-04,Sat,9,17,32,41,47,8,1
23-Jun-04,Wed,9,12,16,20,39,1,1
19-Jun-04,Sat,2,9,36,37,48,16,0
16-Jun-04,Wed,16,18,26,39,48,22,0
12-Jun-04,Sat,6,20,43,48,52,28,0
9-Jun-04,Wed,1,31,33,37,50,40,0
5-Jun-04,Sat,5,26,39,41,42,39,0
2-Jun-04,Wed,5,6,12,26,29,30,0
29-May-04,Sat,1,16,30,32,39,2,1
26-May-04,Wed,3,10,31,35,38,16,1
22-May-04,Sat,1,7,36,42,49,41,0
19-May-04,Wed,14,15,31,37,41,31,0
15-May-04,Sat,1,26,27,43,46,31,0
12-May-04,Wed,11,31,35,42,45,35,0
8-May-04,Sat,3,9,17,37,43,39,1
5-May-04,Wed,9,16,21,25,32,8,1
1-May-04,Sat,1,10,34,39,47,33,0
28-Apr-04,Wed,27,34,42,49,52,23,0
24-Apr-04,Sat,2,13,22,35,44,28,0
21-Apr-04,Wed,8,11,34,42,51,27,0
17-Apr-04,Sat,4,29,34,41,42,11,0
14-Apr-04,Wed,1,6,20,22,38,22,0
10-Apr-04,Sat,2,9,30,47,48,40,0
7-Apr-04,Wed,2,7,16,35,37,10,0
3-Apr-04,Sat,6,7,26,32,43,13,0
31-Mar-04,Wed,15,31,34,39,50,35,0
27-Mar-04,Sat,2,15,17,30,34,32,0
24-Mar-04,Wed,18,20,39,43,47,31,0
20-Mar-04,Sat,2,14,24,27,44,6,0
17-Mar-04,Wed,7,15,20,24,43,5,0
13-Mar-04,Sat,11,44,45,48,50,2,1
10-Mar-04,Wed,10,20,22,41,49,6,1
6-Mar-04,Sat,9,17,46,49,51,9,0
3-Mar-04,Wed,5,11,17,23,53,34,0
28-Feb-04,Sat,6,25,26,52,53,40,0
25-Feb-04,Wed,4,5,11,17,47,35,0
21-Feb-04,Sat,15,22,26,48,53,14,0
18-Feb-04,Wed,4,24,36,44,50,2,0
14-Feb-04,Sat,10,24,25,35,43,32,0
11-Feb-04,Wed,5,16,28,50,52,4,0
7-Feb-04,Sat,31,34,35,39,46,3,0
4-Feb-04,Wed,7,12,17,25,32,33,1
31-Jan-04,Sat,3,6,27,37,41,38,1
28-Jan-04,Wed,8,13,17,39,48,34,0
24-Jan-04,Sat,1,5,37,38,53,31,0
21-Jan-04,Wed,13,17,34,41,45,17,0
17-Jan-04,Sat,8,9,32,45,48,15,0
14-Jan-04,Wed,12,33,40,44,50,40,0
10-Jan-04,Sat,2,13,19,27,50,5,0
7-Jan-04,Wed,4,7,14,18,44,25,0
3-Jan-04,Sat,4,5,22,41,42,2,0
31-Dec-03,Wed,5,7,18,28,35,1,1
27-Dec-03,Sat,16,17,32,34,43,31,0
24-Dec-03,Wed,1,6,31,34,44,25,0
20-Dec-03,Sat,12,20,24,25,48,37,0
17-Dec-03,Wed,15,18,19,21,43,7,0
13-Dec-03,Sat,17,19,25,26,44,19,0
10-Dec-03,Wed,4,17,26,37,40,15,0
6-Dec-03,Sat,21,24,37,41,45,39,0
3-Dec-03,Wed,1,10,35,37,43,30,0
29-Nov-03,Sat,14,36,39,43,51,15,0
26-Nov-03,Wed,1,3,16,37,41,19,0
22-Nov-03,Sat,9,12,17,29,45,4,0
19-Nov-03,Wed,16,26,36,42,47,33,0
15-Nov-03,Sat,8,20,22,32,52,39,0
12-Nov-03,Wed,7,11,19,20,22,1,0
8-Nov-03,Sat,5,8,24,38,52,22,0
5-Nov-03,Wed,6,20,27,38,39,31,0
1-Nov-03,Sat,16,19,34,37,47,18,1
29-Oct-03,Wed,8,19,22,34,53,29,0
25-Oct-03,Sat,6,17,45,47,48,4,1
22-Oct-03,Wed,3,25,27,28,53,35,0
18-Oct-03,Sat,22,25,33,34,35,14,0
15-Oct-03,Wed,6,9,29,39,52,8,0
11-Oct-03,Sat,11,14,21,32,45,21,0
8-Oct-03,Wed,1,6,7,8,25,18,0
4-Oct-03,Sat,8,13,29,44,48,36,0
1-Oct-03,Wed,4,5,19,21,50,41,0
27-Sep-03,Sat,9,20,30,41,48,29,0
24-Sep-03,Wed,17,19,20,28,47,37,0
20-Sep-03,Sat,11,13,28,31,33,29,0
17-Sep-03,Wed,2,19,24,32,34,2,0
13-Sep-03,Sat,6,10,19,28,32,39,0
10-Sep-03,Wed,3,17,29,30,33,34,0
6-Sep-03,Sat,6,15,18,20,41,17,0
3-Sep-03,Wed,6,9,19,24,40,31,0
30-Aug-03,Sat,9,35,36,41,49,33,1
27-Aug-03,Wed,24,31,36,42,46,32,1
23-Aug-03,Sat,1,39,46,50,51,7,0
20-Aug-03,Wed,8,22,35,46,48,15,0
16-Aug-03,Sat,13,15,20,37,42,7,0
13-Aug-03,Wed,26,31,35,44,48,32,0
9-Aug-03,Sat,18,23,25,26,40,15,0
6-Aug-03,Wed,11,14,26,31,48,30,0
2-Aug-03,Sat,17,40,41,42,46,25,0
30-Jul-03,Wed,18,22,26,31,49,28,0
26-Jul-03,Sat,9,10,30,32,34,11,0
23-Jul-03,Wed,4,16,34,37,51,38,0
19-Jul-03,Sat,14,29,30,34,48,1,0
16-Jul-03,Wed,18,27,28,30,49,20,0
12-Jul-03,Sat,6,16,50,51,52,23,1
9-Jul-03,Wed,19,21,26,31,51,40,1
5-Jul-03,Sat,5,17,25,37,49,21,0
2-Jul-03,Wed,16,17,24,26,45,36,0
28-Jun-03,Sat,7,9,14,41,44,25,0
25-Jun-03,Wed,5,26,35,43,50,4,0
21-Jun-03,Sat,15,19,27,36,44,17,0
18-Jun-03,Wed,19,20,21,45,46,20,0
14-Jun-03,Sat,12,26,40,42,50,3,0
11-Jun-03,Wed,12,16,43,44,46,38,0
7-Jun-03,Sat,11,17,26,27,40,6,0
4-Jun-03,Wed,2,14,24,26,53,1,0
31-May-03,Sat,10,26,30,46,52,35,0
28-May-03,Wed,6,16,17,19,38,16,0
24-May-03,Sat,10,42,48,49,50,42,0
21-May-03,Wed,4,30,32,35,41,9,0
17-May-03,Sat,5,13,18,42,50,4,0
14-May-03,Wed,20,33,34,45,52,21,0
10-May-03,Sat,1,2,6,10,20,38,0
7-May-03,Wed,13,18,34,35,51,28,1
3-May-03,Sat,14,21,39,40,47,6,1
30-Apr-03,Wed,7,13,17,32,33,35,0
26-Apr-03,Sat,5,11,13,22,36,31,0
23-Apr-03,Wed,14,15,23,31,51,34,0
19-Apr-03,Sat,10,18,40,46,48,30,0
16-Apr-03,Wed,4,25,39,41,50,31,0
12-Apr-03,Sat,17,27,28,35,52,2,0
9-Apr-03,Wed,6,28,35,38,51,41,0
5-Apr-03,Sat,7,14,23,46,49,20,0
2-Apr-03,Wed,12,17,35,47,50,13,0
29-Mar-03,Sat,2,9,17,25,36,8,0
26-Mar-03,Wed,10,28,31,40,52,41,1
22-Mar-03,Sat,5,29,31,47,49,25,1
19-Mar-03,Wed,19,37,40,47,51,40,0
15-Mar-03,Sat,12,30,41,45,52,35,0
12-Mar-03,Wed,5,24,25,44,52,20,0
8-Mar-03,Sat,1,5,20,21,45,24,0
5-Mar-03,Wed,2,24,28,37,44,6,0
1-Mar-03,Sat,6,7,27,28,41,3,0
26-Feb-03,Wed,10,23,27,31,34,11,0
22-Feb-03,Sat,2,5,6,9,10,26,1
19-Feb-03,Wed,6,11,16,17,44,26,0
15-Feb-03,Sat,1,26,29,38,42,30,0
12-Feb-03,Wed,7,12,19,47,49,6,0
8-Feb-03,Sat,2,13,20,21,23,35,0
5-Feb-03,Wed,2,5,7,9,48,32,0
1-Feb-03,Sat,2,11,16,21,39,42,1
29-Jan-03,Wed,10,12,27,30,53,28,0
25-Jan-03,Sat,10,12,15,49,51,21,0
22-Jan-03,Wed,20,28,30,40,43,3,0
18-Jan-03,Sat,4,17,34,48,52,10,0
15-Jan-03,Wed,4,17,30,42,44,15,0
11-Jan-03,Sat,9,45,46,48,51,2,0
8-Jan-03,Wed,16,22,26,44,46,20,0
4-Jan-03,Sat,1,11,37,39,40,23,0
1-Jan-03,Wed,18,34,42,43,53,17,0
28-Dec-02,Sat,2,15,38,43,50,29,0
25-Dec-02,Wed,5,14,16,29,53,7,1
21-Dec-02,Sat,5,22,34,39,52,30,1
18-Dec-02,Wed,2,14,33,50,52,22,0
14-Dec-02,Sat,8,17,24,42,44,37,0
11-Dec-02,Wed,6,12,14,22,33,21,0
7-Dec-02,Sat,3,17,27,32,48,1,0
4-Dec-02,Wed,13,20,21,35,40,35,0
30-Nov-02,Sat,1,4,19,21,29,8,0
27-Nov-02,Wed,1,20,25,40,53,19,0
23-Nov-02,Sat,15,16,19,21,49,5,0
20-Nov-02,Wed,14,21,22,29,44,3,0
16-Nov-02,Sat,32,33,35,40,51,1,0
13-Nov-02,Wed,18,23,31,38,50,20,0
9-Nov-02,Sat,30,36,38,40,53,8,0
6-Nov-02,Wed,9,11,12,17,19,23,0
2-Nov-02,Sat,8,15,32,34,35,34,0
30-Oct-02,Wed,9,16,19,23,41,12,0
26-Oct-02,Sat,12,14,27,33,39,41,1
23-Oct-02,Wed,2,14,18,30,31,36,1
19-Oct-02,Sat,4,18,20,25,42,29,0
16-Oct-02,Wed,8,11,24,31,37,41,0
12-Oct-02,Sat,23,26,46,49,52,28,0
9-Oct-02,Wed,9,10,38,42,43,5,0
5-Oct-02,Sat,14,19,22,39,43,12,0
2-Oct-02,Wed,2,4,5,38,43,34,0
28-Sep-02,Sat,12,22,24,31,35,8,0
25-Sep-02,Wed,1,12,23,36,49,9,0
21-Sep-02,Sat,3,11,28,40,45,33,0
18-Sep-02,Wed,6,27,32,42,44,10,0
14-Sep-02,Sat,5,14,26,31,40,29,1
11-Sep-02,Wed,3,6,26,39,48,28,0
7-Sep-02,Sat,6,12,19,24,34,18,0
4-Sep-02,Wed,15,18,26,31,36,20,0
31-Aug-02,Sat,12,14,22,29,41,41,0
28-Aug-02,Wed,24,30,36,37,38,42,0
24-Aug-02,Sat,5,10,18,24,45,20,0
21-Aug-02,Wed,1,6,43,47,48,36,0
17-Aug-02,Sat,3,26,33,42,46,41,0
14-Aug-02,Wed,4,16,19,33,41,29,0
10-Aug-02,Sat,11,16,21,27,35,31,0
7-Aug-02,Wed,13,35,40,46,47,35,0
3-Aug-02,Sat,13,19,24,33,34,41,0
31-Jul-02,Wed,2,4,6,22,34,26,0
27-Jul-02,Sat,2,5,17,22,44,30,0
24-Jul-02,Wed,16,19,22,34,37,20,0
20-Jul-02,Sat,2,3,6,13,26,10,1
17-Jul-02,Wed,10,11,25,40,45,25,1
13-Jul-02,Sat,3,22,37,42,49,8,0
10-Jul-02,Wed,26,31,37,43,45,32,0
6-Jul-02,Sat,2,9,27,36,39,13,0
3-Jul-02,Wed,7,19,38,48,49,10,0
29-Jun-02,Sat,4,33,35,36,45,22,0
26-Jun-02,Wed,6,9,17,23,24,14,0
22-Jun-02,Sat,1,16,26,37,48,9,0
19-Jun-02,Wed,1,3,4,7,11,23,1
15-Jun-02,Sat,7,8,16,42,43,15,0
12-Jun-02,Wed,13,18,27,39,49,20,0
8-Jun-02,Sat,26,37,42,46,48,38,1
5-Jun-02,Wed,1,18,21,36,47,33,1
1-Jun-02,Sat,2,6,17,19,27,2,0
29-May-02,Wed,18,28,31,35,49,13,0
25-May-02,Sat,9,29,30,33,42,27,0
22-May-02,Wed,5,20,22,23,34,19,0
18-May-02,Sat,2,18,25,31,32,1,0
15-May-02,Wed,30,33,36,37,49,35,1
11-May-02,Sat,3,15,16,36,40,22,1
8-May-02,Wed,6,11,25,28,34,35,0
4-May-02,Sat,6,7,9,12,20,20,0
1-May-02,Wed,3,26,32,45,48,6,0
27-Apr-02,Sat,1,9,12,18,33,14,0
24-Apr-02,Wed,1,13,16,33,43,1,0
20-Apr-02,Sat,27,34,40,42,44,8,0
17-Apr-02,Wed,2,3,22,23,36,22,0
13-Apr-02,Sat,16,22,32,33,38,13,0
10-Apr-02,Wed,7,12,17,29,48,21,0
6-Apr-02,Sat,15,16,22,30,35,20,0
3-Apr-02,Wed,8,14,17,29,36,3,0
30-Mar-02,Sat,8,13,16,19,29,37,0
27-Mar-02,Wed,15,35,40,43,46,33,1
23-Mar-02,Sat,1,2,10,39,48,13,1
20-Mar-02,Wed,4,20,25,30,49,37,0
16-Mar-02,Sat,10,16,37,38,45,14,0
13-Mar-02,Wed,4,27,28,33,49,39,0
9-Mar-02,Sat,2,12,38,44,49,19,0
6-Mar-02,Wed,5,7,15,30,38,2,0
2-Mar-02,Sat,6,22,25,36,46,34,0
27-Feb-02,Wed,1,2,6,19,45,27,0
23-Feb-02,Sat,8,15,19,21,38,33,0
20-Feb-02,Wed,8,9,19,22,25,11,1
16-Feb-02,Sat,19,31,32,42,45,6,1
13-Feb-02,Wed,2,10,33,38,43,19,0
9-Feb-02,Sat,17,21,30,35,36,12,0
6-Feb-02,Wed,10,24,28,34,35,32,0
2-Feb-02,Sat,12,19,27,43,45,28,0
30-Jan-02,Wed,7,9,15,21,40,18,0
26-Jan-02,Sat,5,14,15,22,30,31,1
23-Jan-02,Wed,14,18,30,32,47,36,1
19-Jan-02,Sat,21,23,35,41,49,5,0
16-Jan-02,Wed,24,31,34,40,47,30,0
12-Jan-02,Sat,13,19,22,41,47,5,0
9-Jan-02,Wed,7,39,40,42,43,4,0
5-Jan-02,Sat,7,8,14,17,32,15,0
2-Jan-02,Wed,23,36,42,44,46,33,0
29-Dec-01,Sat,10,15,27,43,45,31,0
26-Dec-01,Wed,8,19,23,39,41,21,0
22-Dec-01,Sat,14,24,27,33,34,6,0
19-Dec-01,Wed,20,26,35,36,43,23,0
15-Dec-01,Sat,8,11,13,22,37,17,0
12-Dec-01,Wed,4,20,35,43,47,27,0
8-Dec-01,Sat,17,26,31,35,48,35,0
5-Dec-01,Wed,8,9,13,14,21,37,0
1-Dec-01,Sat,6,38,41,46,48,37,1
28-Nov-01,Wed,5,15,18,24,48,16,1
24-Nov-01,Sat,10,12,27,37,42,30,0
21-Nov-01,Wed,27,28,31,38,41,13,0
17-Nov-01,Sat,1,7,10,27,35,34,0
14-Nov-01,Wed,4,17,28,30,40,3,0
10-Nov-01,Sat,7,13,16,33,38,13,0
7-Nov-01,Wed,2,4,6,17,25,31,1
3-Nov-01,Sat,6,14,36,37,49,20,1
31-Oct-01,Wed,2,16,18,35,40,41,0
27-Oct-01,Sat,1,10,17,28,45,20,0
24-Oct-01,Wed,6,15,24,27,42,32,0
20-Oct-01,Sat,7,16,33,40,47,33,0
17-Oct-01,Wed,5,7,29,40,46,5,0
13-Oct-01,Sat,37,40,41,46,48,20,0
10-Oct-01,Wed,1,7,8,16,19,37,0
6-Oct-01,Sat,1,5,9,21,31,12,0
3-Oct-01,Wed,2,20,23,35,49,25,0
29-Sep-01,Sat,2,15,21,29,47,12,0
26-Sep-01,Wed,18,26,30,35,44,19,1
22-Sep-01,Sat,23,27,34,39,42,40,1
19-Sep-01,Wed,21,26,28,31,41,29,0
15-Sep-01,Sat,19,28,33,43,49,23,0
12-Sep-01,Wed,13,25,35,39,47,1,0
8-Sep-01,Sat,6,12,13,28,48,26,0
5-Sep-01,Wed,14,18,24,33,42,8,0
1-Sep-01,Sat,7,24,27,30,44,29,0
29-Aug-01,Wed,4,9,32,35,49,28,0
25-Aug-01,Sat,8,17,22,42,47,21,1
22-Aug-01,Wed,2,28,30,36,39,10,0
18-Aug-01,Sat,3,14,20,22,48,17,0
15-Aug-01,Wed,29,37,40,43,44,6,0
11-Aug-01,Sat,11,14,20,25,41,8,0
8-Aug-01,Wed,2,10,25,37,41,2,0
4-Aug-01,Sat,16,20,24,26,46,9,0
1-Aug-01,Wed,24,25,26,34,39,31,0
28-Jul-01,Sat,4,23,33,36,45,29,0
25-Jul-01,Wed,16,23,29,37,39,17,0
21-Jul-01,Sat,3,15,19,20,27,20,0
18-Jul-01,Wed,4,9,26,31,49,2,0
14-Jul-01,Sat,1,13,15,27,41,2,0
11-Jul-01,Wed,10,16,18,24,26,13,0
7-Jul-01,Sat,3,9,22,34,46,17,0
4-Jul-01,Wed,3,25,26,28,30,10,0
30-Jun-01,Sat,3,6,33,34,39,15,0
27-Jun-01,Wed,3,7,13,16,35,22,0
23-Jun-01,Sat,6,35,38,40,42,36,0
20-Jun-01,Wed,5,9,14,18,49,32,0
16-Jun-01,Sat,2,13,17,44,45,14,1
13-Jun-01,Wed,9,32,34,36,41,14,1
9-Jun-01,Sat,20,23,37,42,43,27,0
6-Jun-01,Wed,10,20,21,40,45,22,0
2-Jun-01,Sat,10,17,26,45,48,38,0
30-May-01,Wed,11,12,28,36,43,9,1
26-May-01,Sat,9,10,21,24,40,36,1
23-May-01,Wed,19,21,32,34,49,38,0
19-May-01,Sat,6,10,21,47,49,2,0
16-May-01,Wed,12,13,20,28,44,17,0
12-May-01,Sat,11,16,28,29,36,21,0
9-May-01,Wed,9,14,19,22,49,34,0
5-May-01,Sat,7,9,19,20,45,5,0
2-May-01,Wed,2,19,30,36,42,19,0
28-Apr-01,Sat,1,11,20,34,39,37,0
25-Apr-01,Wed,14,26,28,29,39,39,0
21-Apr-01,Sat,5,24,25,30,38,40,0
18-Apr-01,Wed,6,11,18,20,44,39,0
14-Apr-01,Sat,3,8,16,29,30,4,0
11-Apr-01,Wed,4,21,32,39,41,31,1
7-Apr-01,Sat,18,20,31,37,41,1,0
4-Apr-01,Wed,5,12,13,16,43,11,0
31-Mar-01,Sat,11,27,37,39,41,42,0
28-Mar-01,Wed,4,12,27,31,43,20,0
24-Mar-01,Sat,2,28,37,40,49,22,0
21-Mar-01,Wed,13,14,18,20,21,16,0
17-Mar-01,Sat,15,16,18,20,36,18,0
14-Mar-01,Wed,12,22,27,42,49,34,0
10-Mar-01,Sat,12,19,26,30,33,11,0
7-Mar-01,Wed,9,23,32,40,45,31,0
3-Mar-01,Sat,8,9,23,36,44,15,0
28-Feb-01,Wed,1,3,9,46,47,22,0
24-Feb-01,Sat,29,30,34,41,49,37,0
21-Feb-01,Wed,4,10,32,39,45,25,0
17-Feb-01,Sat,4,22,31,39,41,6,1
14-Feb-01,Wed,5,18,29,41,42,16,0
10-Feb-01,Sat,16,38,41,46,47,25,0
7-Feb-01,Wed,4,6,7,31,33,20,0
3-Feb-01,Sat,21,27,29,41,44,9,0
31-Jan-01,Wed,15,21,27,37,47,16,0
27-Jan-01,Sat,8,19,32,41,45,37,0
24-Jan-01,Wed,31,34,39,42,49,26,0
20-Jan-01,Sat,1,11,25,29,36,40,0
17-Jan-01,Wed,9,16,28,31,48,36,0
13-Jan-01,Sat,14,19,23,29,42,26,0
10-Jan-01,Wed,6,9,22,23,35,6,0
6-Jan-01,Sat,1,22,24,39,43,26,0
3-Jan-01,Wed,9,19,29,38,49,20,0
30-Dec-00,Sat,23,26,29,38,46,35,0
27-Dec-00,Wed,15,22,24,32,39,18,1
23-Dec-00,Sat,6,11,15,22,27,27,0
20-Dec-00,Wed,4,7,31,34,41,28,0
16-Dec-00,Sat,2,26,33,34,39,23,0
13-Dec-00,Wed,6,10,19,38,43,41,0
9-Dec-00,Sat,8,10,14,41,42,20,0
6-Dec-00,Wed,7,15,20,23,45,17,0
2-Dec-00,Sat,11,14,22,38,41,39,0
29-Nov-00,Wed,1,4,20,27,29,17,1
25-Nov-00,Sat,2,37,38,39,42,22,1
22-Nov-00,Wed,5,18,40,44,47,34,0
18-Nov-00,Sat,3,27,31,32,41,33,0
15-Nov-00,Wed,12,26,32,41,46,18,0
11-Nov-00,Sat,4,12,21,38,46,37,0
8-Nov-00,Wed,13,17,37,45,49,4,0
4-Nov-00,Sat,5,9,22,34,42,2,0
1-Nov-00,Wed,4,10,14,29,39,10,0
28-Oct-00,Sat,6,11,32,37,47,13,0
25-Oct-00,Wed,3,5,20,45,46,37,0
21-Oct-00,Sat,13,19,24,44,45,16,0
18-Oct-00,Wed,17,21,28,42,43,25,0
14-Oct-00,Sat,14,16,18,22,41,37,0
11-Oct-00,Wed,26,32,41,44,45,35,0
7-Oct-00,Sat,4,7,27,34,39,1,0
4-Oct-00,Wed,3,16,24,34,48,3,0
30-Sep-00,Sat,19,24,32,43,44,39,0
27-Sep-00,Wed,24,32,42,44,47,15,0
23-Sep-00,Sat,1,17,27,35,36,31,1
20-Sep-00,Wed,17,21,23,33,45,11,0
16-Sep-00,Sat,1,19,40,47,49,14,0
13-Sep-00,Wed,2,13,21,22,47,31,0
9-Sep-00,Sat,14,18,20,29,42,2,0
6-Sep-00,Wed,4,6,12,28,42,6,0
2-Sep-00,Sat,5,14,20,22,26,35,0
30-Aug-00,Wed,4,25,29,36,46,8,0
26-Aug-00,Sat,16,22,27,40,43,5,0
23-Aug-00,Wed,20,28,40,43,47,31,1
19-Aug-00,Sat,10,13,17,23,36,23,0
16-Aug-00,Wed,15,16,27,44,47,14,1
12-Aug-00,Sat,6,31,38,46,47,21,1
9-Aug-00,Wed,11,17,18,19,28,34,0
5-Aug-00,Sat,13,28,32,33,38,14,0
2-Aug-00,Wed,12,27,33,42,49,31,0
29-Jul-00,Sat,11,24,26,38,41,7,0
26-Jul-00,Wed,3,20,22,37,44,36,0
22-Jul-00,Sat,2,12,15,33,41,33,1
19-Jul-00,Wed,5,8,18,36,38,40,1
15-Jul-00,Sat,5,8,21,46,49,34,0
12-Jul-00,Wed,6,9,10,26,48,10,0
8-Jul-00,Sat,2,7,10,34,39,12,0
5-Jul-00,Wed,10,14,18,32,33,2,0
1-Jul-00,Sat,13,14,22,32,42,26,0
28-Jun-00,Wed,13,24,27,30,45,18,0
24-Jun-00,Sat,2,13,26,27,49,4,0
21-Jun-00,Wed,1,24,27,28,43,25,0
17-Jun-00,Sat,6,15,25,44,47,7,0
14-Jun-00,Wed,21,23,32,34,42,5,0
10-Jun-00,Sat,2,16,32,40,47,15,0
7-Jun-00,Wed,19,39,45,46,49,17,0
3-Jun-00,Sat,13,14,15,31,37,10,0
31-May-00,Wed,15,16,22,42,43,11,1
27-May-00,Sat,2,22,29,30,44,36,1
24-May-00,Wed,7,19,43,46,47,4,1
20-May-00,Sat,5,17,40,44,48,26,0
17-May-00,Wed,16,17,20,28,49,34,0
13-May-00,Sat,1,3,27,38,42,24,0
10-May-00,Wed,8,18,20,31,47,11,0
6-May-00,Sat,4,27,29,39,41,16,0
3-May-00,Wed,5,13,34,41,48,7,0
29-Apr-00,Sat,12,14,26,35,36,37,0
26-Apr-00,Wed,5,10,17,24,37,15,0
22-Apr-00,Sat,3,5,9,42,48,35,0
19-Apr-00,Wed,3,8,9,20,49,22,1
15-Apr-00,Sat,15,26,28,40,48,9,1
12-Apr-00,Wed,4,6,20,25,31,6,0
8-Apr-00,Sat,4,9,12,33,48,18,0
5-Apr-00,Wed,6,8,11,18,39,40,0
1-Apr-00,Sat,3,4,13,29,38,21,0
29-Mar-00,Wed,12,32,37,40,49,37,0
25-Mar-00,Sat,6,30,43,45,48,32,0
22-Mar-00,Wed,3,12,30,41,46,32,0
18-Mar-00,Sat,12,30,39,43,46,10,0
15-Mar-00,Wed,14,15,19,38,44,20,0
11-Mar-00,Sat,2,11,23,28,31,39,0
8-Mar-00,Wed,11,14,17,25,36,38,0
4-Mar-00,Sat,3,6,8,43,48,1,1
1-Mar-00,Wed,21,22,29,30,38,39,0
26-Feb-00,Sat,7,9,23,37,49,7,0
23-Feb-00,Wed,12,16,20,26,32,35,0
19-Feb-00,Sat,14,23,24,45,48,21,0
16-Feb-00,Wed,9,10,12,31,41,37,0
12-Feb-00,Sat,21,24,37,44,45,24,0
9-Feb-00,Wed,5,29,36,40,49,30,0
5-Feb-00,Sat,6,11,34,41,44,20,0
2-Feb-00,Wed,6,10,12,16,29,33,0
29-Jan-00,Sat,6,8,28,32,47,26,0
26-Jan-00,Wed,18,25,30,43,46,18,0
22-Jan-00,Sat,4,16,32,34,41,25,0
19-Jan-00,Wed,12,31,35,37,44,34,0
15-Jan-00,Sat,1,6,21,33,40,28,0
12-Jan-00,Wed,9,32,38,41,44,27,0
8-Jan-00,Sat,7,28,35,40,48,14,1
5-Jan-00,Wed,5,15,16,28,32,39,1
1-Jan-00,Sat,9,13,23,36,45,39,0
29-Dec-99,Wed,3,11,14,16,43,10,0
25-Dec-99,Sat,6,19,29,39,44,28,0
22-Dec-99,Wed,11,13,23,42,43,18,0
18-Dec-99,Sat,2,3,15,25,43,25,0
15-Dec-99,Wed,19,32,33,35,47,26,0
11-Dec-99,Sat,6,10,31,47,48,29,1
8-Dec-99,Wed,13,34,40,44,47,24,1
4-Dec-99,Sat,5,22,25,36,38,37,0
1-Dec-99,Wed,3,14,20,32,47,2,0
27-Nov-99,Sat,3,16,24,28,38,28,0
24-Nov-99,Wed,2,4,15,37,43,40,0
20-Nov-99,Sat,5,6,18,42,44,3,0
17-Nov-99,Wed,11,20,27,43,48,12,0
13-Nov-99,Sat,13,16,26,32,34,24,0
10-Nov-99,Wed,13,19,31,40,43,36,0
6-Nov-99,Sat,5,8,12,25,40,28,0
3-Nov-99,Wed,1,3,7,8,26,7,1
30-Oct-99,Sat,10,26,33,37,41,21,1
27-Oct-99,Wed,17,20,24,31,39,21,1
23-Oct-99,Sat,12,15,27,32,37,11,0
20-Oct-99,Wed,2,16,19,20,29,13,0
16-Oct-99,Sat,5,12,18,22,40,21,0
13-Oct-99,Wed,15,23,38,43,44,38,0
9-Oct-99,Sat,8,20,27,39,43,1,0
6-Oct-99,Wed,6,7,15,38,42,42,0
2-Oct-99,Sat,12,15,25,35,48,30,0
29-Sep-99,Wed,11,22,29,41,46,42,0
25-Sep-99,Sat,15,32,33,36,41,7,0
22-Sep-99,Wed,8,33,35,38,47,8,0
18-Sep-99,Sat,2,8,26,34,46,30,1
15-Sep-99,Wed,1,12,37,42,48,31,1
11-Sep-99,Sat,4,32,33,37,42,25,0
8-Sep-99,Wed,8,15,22,39,43,22,0
4-Sep-99,Sat,14,22,23,26,34,29,0
1-Sep-99,Wed,9,32,36,37,39,14,0
28-Aug-99,Sat,14,18,25,38,39,7,0
25-Aug-99,Wed,11,13,21,34,45,30,0
21-Aug-99,Sat,2,17,28,42,45,20,0
18-Aug-99,Wed,5,8,9,26,41,19,1
14-Aug-99,Sat,1,5,6,39,45,14,1
11-Aug-99,Wed,5,7,10,12,43,7,0
7-Aug-99,Sat,1,42,44,45,49,1,0
4-Aug-99,Wed,4,18,24,33,35,34,0
31-Jul-99,Sat,18,26,43,45,46,29,0
28-Jul-99,Wed,22,23,25,31,32,25,0
24-Jul-99,Sat,4,23,33,45,47,33,1
21-Jul-99,Wed,4,13,26,29,31,3,1
17-Jul-99,Sat,30,36,37,40,48,28,0
14-Jul-99,Wed,1,6,25,29,32,9,0
10-Jul-99,Sat,7,17,35,37,44,30,0
7-Jul-99,Wed,3,6,17,37,41,8,0
3-Jul-99,Sat,1,7,8,21,37,2,0
30-Jun-99,Wed,5,10,12,20,40,3,1
26-Jun-99,Sat,8,15,22,38,47,26,1
23-Jun-99,Wed,12,15,17,23,49,7,0
19-Jun-99,Sat,2,23,27,38,46,26,0
16-Jun-99,Wed,2,4,8,14,38,1,0
12-Jun-99,Sat,17,26,28,35,45,20,0
9-Jun-99,Wed,7,32,35,38,48,17,0
5-Jun-99,Sat,2,8,16,37,49,11,0
2-Jun-99,Wed,4,20,24,46,48,32,0
29-May-99,Sat,5,35,36,43,45,19,0
26-May-99,Wed,26,29,34,36,37,24,0
22-May-99,Sat,6,15,18,36,43,11,0
19-May-99,Wed,4,9,24,35,41,31,0
15-May-99,Sat,4,24,27,30,38,14,0
12-May-99,Wed,4,5,12,38,40,28,0
8-May-99,Sat,25,28,30,34,47,14,0
5-May-99,Wed,7,9,26,31,40,24,0
1-May-99,Sat,7,9,20,26,27,18,1
28-Apr-99,Wed,5,7,12,18,42,14,1
24-Apr-99,Sat,1,3,35,45,48,18,0
21-Apr-99,Wed,3,11,32,41,45,29,0
17-Apr-99,Sat,15,18,25,40,43,37,0
14-Apr-99,Wed,10,12,19,25,40,33,0
10-Apr-99,Sat,3,24,34,42,45,1,0
7-Apr-99,Wed,5,26,31,37,39,42,0
3-Apr-99,Sat,1,4,10,17,30,6,0
31-Mar-99,Wed,3,15,16,28,39,1,0
27-Mar-99,Sat,5,12,13,45,48,35,1
24-Mar-99,Wed,7,19,20,26,27,12,0
20-Mar-99,Sat,4,20,22,40,41,7,0
17-Mar-99,Wed,9,15,31,37,40,9,0
13-Mar-99,Sat,8,11,42,44,49,39,0
10-Mar-99,Wed,1,14,26,34,49,15,0
6-Mar-99,Sat,13,19,20,25,42,13,0
3-Mar-99,Wed,1,8,12,42,44,13,0
27-Feb-99,Sat,13,20,30,32,46,36,0
24-Feb-99,Wed,8,15,29,40,46,23,0
20-Feb-99,Sat,6,15,16,24,39,12,0
17-Feb-99,Wed,10,21,22,25,36,39,0
13-Feb-99,Sat,4,9,18,27,35,11,0
10-Feb-99,Wed,10,20,27,31,42,26,1
6-Feb-99,Sat,15,25,32,39,48,32,1
3-Feb-99,Wed,20,26,30,39,42,32,0
30-Jan-99,Sat,19,24,25,40,45,5,0
27-Jan-99,Wed,2,4,20,23,44,22,0
23-Jan-99,Sat,3,19,26,30,49,31,0
20-Jan-99,Wed,2,12,19,40,48,27,0
16-Jan-99,Sat,2,15,20,28,40,15,1
13-Jan-99,Wed,15,31,33,43,47,6,1
9-Jan-99,Sat,5,10,11,27,32,13,0
6-Jan-99,Wed,2,9,13,16,44,36,0
2-Jan-99,Sat,4,17,23,26,39,27,0
30-Dec-98,Wed,10,20,34,38,46,3,0
26-Dec-98,Sat,7,17,27,29,41,33,0
23-Dec-98,Wed,29,31,39,45,46,33,0
19-Dec-98,Sat,3,5,15,17,45,6,0
16-Dec-98,Wed,3,8,19,27,32,38,0
12-Dec-98,Sat,12,16,26,29,40,32,0
9-Dec-98,Wed,12,33,40,43,48,16,0
5-Dec-98,Sat,9,19,20,27,31,39,0
2-Dec-98,Wed,4,22,29,36,45,30,0
28-Nov-98,Sat,2,4,6,11,43,9,1
25-Nov-98,Wed,6,10,13,33,48,9,1
21-Nov-98,Sat,1,14,15,21,35,10,0
18-Nov-98,Wed,21,25,33,39,46,18,0
14-Nov-98,Sat,3,10,16,35,41,38,0
11-Nov-98,Wed,10,14,25,36,48,2,0
7-Nov-98,Sat,5,10,13,30,33,28,0
4-Nov-98,Wed,2,8,17,30,36,22,0
31-Oct-98,Sat,17,33,34,37,42,8,1
28-Oct-98,Wed,8,9,24,35,44,42,0
24-Oct-98,Sat,10,12,17,25,40,20,0
21-Oct-98,Wed,22,24,27,39,44,25,0
17-Oct-98,Sat,28,32,44,47,48,27,0
14-Oct-98,Wed,14,15,18,26,32,6,0
10-Oct-98,Sat,1,8,19,28,45,25,0
7-Oct-98,Wed,6,8,9,15,26,7,0
3-Oct-98,Sat,5,14,22,25,32,4,0
30-Sep-98,Wed,2,3,8,12,36,24,0
26-Sep-98,Sat,2,3,5,24,25,8,1
23-Sep-98,Wed,1,5,21,22,42,18,1
19-Sep-98,Sat,1,19,35,37,41,11,0
16-Sep-98,Wed,6,24,35,40,42,2,0
12-Sep-98,Sat,16,19,28,33,35,16,0
9-Sep-98,Wed,4,12,19,42,46,9,0
5-Sep-98,Sat,8,10,16,26,49,40,0
2-Sep-98,Wed,21,28,29,40,44,8,0
29-Aug-98,Sat,13,14,18,29,31,23,0
26-Aug-98,Wed,6,23,32,42,46,8,0
22-Aug-98,Sat,7,11,21,22,49,19,1
19-Aug-98,Wed,8,15,23,43,46,29,1
15-Aug-98,Sat,12,27,30,37,49,20,0
12-Aug-98,Wed,2,10,33,42,45,2,0
8-Aug-98,Sat,5,9,33,42,45,28,0
5-Aug-98,Wed,3,12,19,35,42,21,0
1-Aug-98,Sat,1,4,20,25,44,5,0
29-Jul-98,Wed,8,39,43,45,49,13,1
25-Jul-98,Sat,3,14,17,21,23,16,1
22-Jul-98,Wed,1,22,23,30,49,33,0
18-Jul-98,Sat,8,10,14,33,40,31,0
15-Jul-98,Wed,11,16,21,23,36,37,0
11-Jul-98,Sat,1,6,10,12,38,17,0
8-Jul-98,Wed,5,16,19,29,34,24,0
4-Jul-98,Sat,15,25,30,38,39,42,0
1-Jul-98,Wed,3,17,29,35,47,34,0
27-Jun-98,Sat,7,10,30,31,36,37,0
24-Jun-98,Wed,13,16,18,27,30,23,0
20-Jun-98,Sat,9,26,27,31,49,4,0
17-Jun-98,Wed,7,14,35,36,37,10,0
13-Jun-98,Sat,3,6,8,21,23,11,0
10-Jun-98,Wed,4,12,19,36,38,6,0
6-Jun-98,Sat,16,24,26,28,42,24,0
3-Jun-98,Wed,22,25,31,35,41,38,0
30-May-98,Sat,3,14,24,29,45,24,0
27-May-98,Wed,2,15,27,33,46,27,0
23-May-98,Sat,1,15,16,35,46,35,0
20-May-98,Wed,4,9,30,34,48,8,1
16-May-98,Sat,1,22,23,28,41,18,1
13-May-98,Wed,2,13,18,30,36,26,0
9-May-98,Sat,8,26,29,34,49,28,0
6-May-98,Wed,11,20,44,45,47,5,0
2-May-98,Sat,3,14,19,37,49,4,0
29-Apr-98,Wed,8,25,30,46,47,31,0
25-Apr-98,Sat,5,7,20,35,38,19,0
22-Apr-98,Wed,4,13,29,31,49,4,0
18-Apr-98,Sat,19,22,24,30,45,21,0
15-Apr-98,Wed,8,24,25,39,41,21,0
11-Apr-98,Sat,5,15,36,48,49,11,0
8-Apr-98,Wed,3,10,24,30,49,35,0
4-Apr-98,Sat,3,8,23,43,46,13,0
1-Apr-98,Wed,11,12,33,34,47,39,0
28-Mar-98,Sat,27,30,33,38,44,15,0
25-Mar-98,Wed,5,23,35,42,44,29,0
21-Mar-98,Sat,4,34,35,38,47,16,1
18-Mar-98,Wed,2,4,33,39,41,26,1
14-Mar-98,Sat,15,34,35,42,47,15,0
11-Mar-98,Wed,2,5,17,24,36,20,0
7-Mar-98,Sat,21,30,32,36,42,33,0
4-Mar-98,Wed,3,19,30,33,39,9,0
28-Feb-98,Sat,4,26,41,45,49,6,0
25-Feb-98,Wed,2,20,30,43,46,19,1
21-Feb-98,Sat,9,22,29,39,47,25,1
18-Feb-98,Wed,1,21,28,29,33,15,0
14-Feb-98,Sat,5,7,23,39,41,6,0
11-Feb-98,Wed,25,33,34,35,37,35,0
7-Feb-98,Sat,5,12,15,27,40,14,0
4-Feb-98,Wed,8,12,21,25,30,20,0
31-Jan-98,Sat,7,11,13,36,48,18,0
28-Jan-98,Wed,15,23,31,36,48,12,0
24-Jan-98,Sat,7,15,23,28,36,10,0
21-Jan-98,Wed,1,23,26,31,32,33,0
17-Jan-98,Sat,9,28,29,38,49,6,0
14-Jan-98,Wed,6,9,16,28,38,13,0
10-Jan-98,Sat,7,9,17,20,44,25,1
7-Jan-98,Wed,3,4,18,30,37,23,1
3-Jan-98,Sat,4,7,9,27,32,6,0
31-Dec-97,Wed,4,5,6,14,27,6,0
27-Dec-97,Sat,9,14,15,36,48,17,0
24-Dec-97,Wed,3,16,28,34,35,14,0
20-Dec-97,Sat,10,11,12,17,23,7,0
17-Dec-97,Wed,3,5,13,18,45,20,1
13-Dec-97,Sat,5,35,41,44,46,27,0
10-Dec-97,Wed,4,18,21,28,41,3,0
6-Dec-97,Sat,8,15,26,28,43,36,0
3-Dec-97,Wed,9,14,18,42,47,32,0
29-Nov-97,Sat,2,11,13,27,31,23,0
26-Nov-97,Wed,15,23,34,40,46,35,0
22-Nov-97,Sat,3,7,14,22,31,2,0
19-Nov-97,Wed,3,10,19,21,48,22,0
15-Nov-97,Sat,7,21,26,32,45,8,0
12-Nov-97,Wed,13,14,16,29,41,1,0
8-Nov-97,Sat,7,17,21,40,49,37,0
5-Nov-97,Wed,2,19,24,28,35,26,0
